Date,Open,High,Low,Close,Volume,obv,obv_ema10,obv_ema20,obv_ema30,plus_di,minus_di,adx,mfm,mfv,a/d,ewm2,ewm3,ewm5,ewm7,ewm9,ewm10,ewm15,ewm20,ewm30,ewm35,ewm40,ewm45,ewm50,ewm75,ewm130,ewm150,ewm200,macd,k,d,RSI,bollinger_up,bollinger_down
2023-08-23,229.33999633789062,238.97999572753906,229.2899932861328,236.86000061035156,101077600,-589145900,-631931748.5318971,-536765633.3875439,-492383430.7531302,24.03148181964564,31.9844698028655,53.556003347390764,0.5624366185650128,56849743.55666694,153401062.29943672,234.88568002206307,232.80687618255615,229.62271739818434,227.55191546678543,226.14492941894534,225.6018687784244,223.7947987653315,222.78087837962678,221.68510708486423,221.35605023623492,221.1044065891342,220.90575722177456,220.74496839856283,220.25244274544525,219.8235055159703,219.7442909190223,219.61475177265217,2.701801602377685,86.08571405593636,84.99222413515298,86.45287968173758,245.82643780899244,208.5895656089763
2023-08-24,238.66000366210938,238.9199981689453,228.17999267578125,230.0399932861328,99777400,-688923300,-642484554.8407781,-553520595.5272211,-509599210.6973292,21.910539334981667,30.273500295561522,45.74996223318896,-0.653631348413101,-65217636.50315335,88183425.79628336,231.65522219810956,231.42343473434448,229.76180936083384,228.17393492162228,226.92394219238284,226.40880050709865,224.57544808043167,223.47222265643688,222.2241320010751,221.83849151678479,221.54028886703654,221.30289792022492,221.10947917846755,220.51000986493705,219.97948242849188,219.88065783779197,219.71848551905498,2.9250030507074314,62.122236489728735,73.7994608133551,64.84774019152891,245.72570739727706,213.01829284686357
2023-08-25,231.30999755859375,239.0,230.35000610351562,238.58999633789062,106612200,-582311100,-631379732.4444385,-556644409.5997843,-515824687.7159615,20.292436197505495,27.927786343965842,40.50183124182061,0.905201398517515,96505512.53902902,184688938.33531237,236.2784049579636,235.00671553611755,232.7045383531861,230.77795027568936,229.2571530214844,228.62356338542443,226.32726661261404,224.91201062609915,223.27999421635354,222.76913067351288,222.37198191439526,222.05451089490606,221.7949896553077,220.98579898264634,220.26361241184148,220.1284636457403,219.90626174610807,3.7485941377075847,92.16440456691267,80.12411837085925,73.71595073505847,241.2709752518086,226.71302133022263
2023-08-28,242.5800018310547,244.3800048828125,235.35000610351562,238.82000732421875,107673700,-474637400,-602532142.4206189,-547862994.5807297,-512371174.2931943,23.23653846291573,24.903639883339775,36.4212255392873,-0.23145034556177022,-24921115.072914377,159767823.262398,237.97280653546702,236.91336143016815,234.743028010197,232.7884645378217,231.1697238820313,230.477462283387,227.88885920156463,226.23658174020576,224.28257570718358,223.66084604299652,223.17432461731346,222.7834455222675,222.4626374070297,221.455120254793,220.54691615096175,220.37603376068705,220.09445821952212,4.369487243096188,82.63586253367346,78.97416786343828,73.90666332223128,243.08735063756674,227.91264936243326
2023-08-29,238.5800018310547,257.4800109863281,237.77000427246094,257.17999267578125,134047600,-340589800,-554430150.095047,-525927700.550921,-498240659.2166947,31.000228497831277,21.025208158038392,31.749315461076577,0.9695567520699225,129966755.67876814,289734578.94116616,250.7775972956765,247.0466770529747,242.22201623205842,238.8863465723116,236.3717776407813,235.33246780927686,231.5502508858417,229.18357325787963,226.40498970515765,225.523020855929,224.83313769333628,224.27894757242026,223.82410231952974,222.39524847639797,221.1061997620277,220.86350341519162,220.46346851261924,6.270761444957259,99.33506595400382,91.37844435152999,83.92998688224621,260.4759552554113,220.1200408383387
2023-08-30,254.1999969482422,260.510009765625,250.58999633789062,256.8999938964844,121988400,-462578200,-537593446.2502502,-519293805.64492303,-495358252.503147,30.814675533643026,19.148089356648086,30.073791622431155,0.2721752051166096,33202217.791847017,322936796.73301315,254.85919502954843,251.97333547472954,247.11467545353375,243.3897584033548,240.47742089192192,239.25383618876913,234.71896876217204,231.82323236631817,228.37240933040454,227.26618602484874,226.3973745812947,225.6972539343361,225.1211961068613,223.30326809271602,221.65266990148504,221.34080792487762,220.826021004001,7.6665659860160815,92.50256452184858,91.49116433650863,83.4038042812053,268.6090033235464,220.00299008465677
2023-08-31,255.97999572753906,261.17999267578125,255.0500030517578,258.0799865722656,108861700,-353716500,-503938278.0509835,-502117565.4509886,-484093810.4244205,28.968771215918252,17.648890280327056,29.220832895981466,-0.011422952941615742,-1243522.0762442905,321693274.65676886,257.0063893913599,255.02666102349758,250.76977915977773,247.0623154455825,243.99793402799068,242.67677262213212,237.63909598843372,234.32387562402744,230.28902721697622,228.97806383303856,227.94286784914695,227.10519883163738,226.41369769373992,224.21844489480944,222.20881214073358,221.8274195625914,221.19670722856085,8.766907238919202,93.6501298497531,95.16258677520183,83.86295081283558,270.39793612999597,229.43005459266027
2023-09-01,257.260009765625,259.0799865722656,242.00999450683594,245.00999450683594,132272500,-485989000,-500656984.4016049,-500458558.2891467,-484242301.40070045,25.07451719040087,25.558355341578615,28.419956013834113,-0.648505987758995,-85779508.26585168,235913766.39091718,249.00879280167726,250.01832776516676,248.84985094213047,246.54923521089586,244.20034612375974,243.10099478298736,238.560458303234,235.34160123191396,231.23876704212847,229.86872664824952,228.77541061293664,227.88366820881993,227.14296423542996,224.7655909372312,222.55692179517789,222.13447353536284,221.433655360683,8.4864697396618,66.87832692132784,84.34367376430984,63.05450742596527,268.7241133507169,233.67187663951754
2023-09-05,245.0,258.0,244.86000061035156,256.489990234375,129469600,-356519400,-474333391.8609657,-485764787.3258003,-474371583.65233994,22.20324075999144,22.63167473053988,25.247712669244205,0.7701659306294076,99713074.97221716,335626841.3631343,253.9962577568091,253.25415899977088,251.39656403954532,249.03442396676564,246.6582749458828,245.53535759233054,240.8016497946266,237.35573351786263,232.8678782158218,231.3476857363676,230.12734132617751,229.1274213403658,228.29382800009446,225.60044355031394,223.0749839087534,222.58951349164116,221.78247461315755,9.085824979310388,90.39327487984717,83.64057721697604,70.07745031101447,265.66404537489655,243.79993777940035
2023-09-06,255.13999938964844,255.38999938964844,245.05999755859375,251.9199981689453,116959800,-473479200,-474177518.5751614,-484519161.61337304,-474303487.5297871,20.004352343071414,20.39035653927126,22.560323558924217,0.32817026028564805,38382728.00895734,374009569.37209165,252.61208469823325,252.5870785843581,251.57104208267867,249.75581751731056,247.71061959049533,246.69620133353322,242.19144334141643,238.74280634177526,234.0970472450556,232.4905919826219,231.19039775753203,230.1184029416084,229.2203444773043,226.29306340869897,223.51536580585557,222.97799673240016,222.08235046943406,9.087305358666782,81.03237195445367,79.4346579185429,64.79699980646217,264.44525576329283,242.91472958826964
2023-09-07,245.07000732421875,252.80999755859375,243.27000427246094,251.49000549316406,115312900,-588792100,-495078593.63085216,-495026677.3813846,-482938079.71744496,18.18331591131099,19.812518628332253,20.285729111680073,0.7232719089334355,83402581.30765036,457412150.679742,251.8640318948538,252.03854203876108,251.54402988617383,250.18936451127394,248.46649677102909,247.5678020898297,243.35376361038487,239.9568253085742,235.21917358364325,233.5461149554298,232.18062252512382,231.0476030525456,230.09366451714195,226.95614083197438,223.94245954153965,223.35563923254273,222.37496395225725,8.950604754582628,80.1516002509168,83.85908236173921,64.30600768028458,262.818803692927,242.3771862973073
2023-09-08,251.22000122070312,256.5199890136719,246.6699981689453,248.5,118367700,-707159800,-533732718.3718471,-516285604.88280636,-499666228.4329308,18.9812997963878,17.87677561405953,18.63082216210373,-0.6284256787843768,-74385302.21864548,383026848.4610965,249.62134396495128,250.26927101938054,250.52935325744923,249.76702338345547,248.47319741682327,247.73729261895156,243.99704315908676,240.7704609934719,236.07600109437595,234.3768863467948,232.97668971902021,231.80640291982624,230.8154815949011,227.52308449429086,224.3173838233482,223.68867712350243,222.63491455969748,8.502982991192141,68.76848390366516,76.65081870301188,60.85300233057525,259.21727935266216,242.14671600866595
2023-09-11,264.2699890136719,274.8500061035156,260.6099853515625,273.5799865722656,174667900,-532491900,-533506665.71314406,-517901676.1702802,-502090738.9197723,28.373258684056257,15.520934232368111,17.259016242889047,0.8216267302734362,143511815.56072754,526538664.02182406,265.5937723698275,261.9246287958231,258.2128976957214,255.720264180658,253.49455524791176,252.4359642468268,247.6949110857341,243.89517771526178,238.49561306069143,236.55483635932094,234.9573383460078,233.6226456873236,232.49252100577814,228.73510823318495,225.06948462867518,224.34948916918142,223.14183069912602,10.056064777876685,97.27872473570947,82.06626963009715,73.63925693650185,276.4396589120224,236.35233327547758
2023-09-12,270.760009765625,278.3900146484375,266.6000061035156,267.4800109863281,135999900,-668491800,-558089395.7169077,-532851349.05267835,-514267374.3786907,28.312087373865648,14.245533427386977,18.450912326143058,-0.8507202298523302,-115697866.18789393,410840797.83393013,266.85126478082793,264.7023198910756,261.301935459257,258.6602008820755,256.291646395595,255.17124547219066,250.16804857330837,246.1413523125062,240.36557421718413,238.27290161637688,236.54381018212098,235.09470504814988,233.86457943638794,229.75471093721504,225.71697358070043,224.92075435881253,223.58300662238176,10.671659979644488,78.2712629202775,81.43949051988405,67.83576856648634,280.9644910565333,236.2235094317479
2023-09-13,270.07000732421875,274.9800109863281,268.1000061035156,271.29998779296875,111673700,-556818100,-557857943.0725706,-535221058.7757548,-517354350.39915067,26.41530559367016,13.29114712949869,19.831677986660466,-0.06977342488600273,-7791856.518692003,403048941.3152381,269.81708012225516,268.0011538420222,264.63461957049424,261.8201476097988,259.2933146750698,258.1037440759685,252.8095409757659,248.537412834455,242.3613428349767,240.10773973729866,238.2392334802111,236.6688477761855,235.33263466605777,230.84800769657699,226.41289746180377,225.53504884138414,224.0578024549249,11.3370770484579,85.87925960412865,87.14308242003854,69.45899944061004,285.75565631968607,239.18434001820458
2023-09-14,271.32000732421875,276.7099914550781,270.4200134277344,276.0400085449219,107709800,-449108300,-538063731.4420077,-526737522.5593562,-512442676.96401405,26.135600351815086,12.57871830603986,21.066584705437798,0.786968123817379,84764179.22274514,487813120.53798324,273.96569907069966,272.020581193472,268.43641589530347,265.3751128435796,262.6426534490402,261.36488307032363,255.7133494219104,251.1567076640233,244.53415997755383,242.10397689327772,240.08317372727015,238.3806373748262,236.9290022691505,232.03727087679658,227.17056327986663,226.20398870500716,224.57503833641744,12.107339062089068,95.1082312957581,86.4195846067214,71.3885292790862,289.40875925256904,245.35123830602475
2023-09-15,277.54998779296875,278.9800109863281,271.0,274.3900146484375,133422800,-582531100,-546155915.4575201,-532216154.3931225,-517449624.57581925,25.737508054068776,11.670196109295814,22.346196700956355,-0.15037343827082592,-20063245.179720752,467749875.3582625,274.24857612252487,273.20529792095476,270.42094881301483,267.62883829479404,264.99212568891966,263.73308881179884,258.0479325752263,253.36940356730082,246.46034414986892,243.89764565745327,241.75667816244905,239.94626247367887,238.39806157814215,233.151816765524,227.89147093434863,226.84221421419167,225.0707097425072,12.44122187803967,89.47972536281151,90.15573875423274,69.73688112485914,279.1832326384604,265.9327707795083
2023-09-18,271.1600036621094,271.44000244140625,263.760009765625,265.2799987792969,101543300,-684074400,-571250291.7189716,-547083866.9796981,-529271074.34272045,23.523517484873476,15.342567338465832,23.59655885205827,-0.6041691501959008,-61349329.26908741,406400546.08917505,268.2695245603729,269.2426483501258,268.70729880177555,267.0416284159197,265.04970030699513,264.0143451695257,258.9519408507351,254.5037459684433,247.67451541628364,245.08555416422234,242.90415721692943,241.0477292695753,239.45225519387373,233.99729523957066,228.46228815335547,227.35132394353082,225.47080217073398,11.834305759915196,66.75561762910077,83.78119142922345,61.303600313864855,279.9556307147818,261.8403775859995
2023-09-19,264.3500061035156,267.8500061035156,261.20001220703125,266.5,103704000,-580370400,-572909482.5515589,-550334123.0132707,-532873230.9118439,23.556537826189505,17.147281118402567,23.341075635956305,0.5939827541106986,61598387.53229588,467998933.6214709,267.0898415201243,267.8713241750629,267.97153253451705,266.9062213119398,265.3397602455961,264.4662824114301,259.89544824439326,255.64624635240108,248.8890628087815,246.27524559954333,244.05517393805482,242.15434973611553,240.51295106862378,234.85262957537145,229.04301657849507,227.86984945421253,225.8790528954033,11.321259830159647,66.2428849788288,74.15940932358036,61.96691769845369,280.16288340838986,261.2411204978601
2023-09-20,267.0400085449219,273.92999267578125,262.4599914550781,262.5899963378906,122514600,-702885000,-596552929.4567542,-565194155.7585808,-544786701.797634,25.712292589603198,15.68056375414063,22.74045940472337,-0.9773313218872473,-119737355.96848734,348261577.6529836,264.08994473196856,265.23066025647677,266.1776871356416,265.8271650684275,264.789807464055,264.12513948896833,260.23226675608043,256.30755587482867,249.7729940042079,247.1816206405626,244.9593116160956,243.04285611010576,241.3787175497715,235.58256027964828,229.55518420840951,228.3297189493606,226.24433591473155,10.478374438300762,55.6667369690536,62.888413192327725,58.50553696863406,280.78297011380874,257.13703721041
2023-09-21,257.8500061035156,260.8599853515625,254.2100067138672,255.6999969482422,119531000,-822416000,-637635340.5920153,-590195913.0502552,-564133868.7213026,23.42061852549475,19.83437919118414,22.770622159672627,-0.5518811967518179,-65966911.32894155,282294666.3240421,258.4966462094843,260.4653286023595,262.6851237398418,263.2953730383812,262.9718453608925,262.5932953906545,259.6657330301007,256.24969311991566,250.1553812909198,247.65486376876703,245.48324748595638,243.5931665813291,241.94033634971152,236.11196650776918,229.95434165481916,228.6922391877564,226.53742706929387,9.148952890082654,37.0300144415686,52.97987879648367,52.89819511344435,278.4101606212606,251.37384206428624
2023-09-22,257.3999938964844,257.7900085449219,244.47999572753906,244.8800048828125,127524100,-949940100,-694436574.4123318,-625094320.5519257,-590881258.3916156,22.176809920038536,25.457498045055683,21.551707334080756,-0.9398934981112824,-119859072.44249299,162435593.8815491,249.41888532503643,252.672666742586,256.75008412083207,258.69153099948903,259.35347726527647,259.3726971165014,257.8175170116897,255.16686566876297,249.81503442588064,247.50070494176956,245.45382101751034,243.64911607269795,242.05561746865666,236.342704359744,230.18221437585723,228.90664668040617,226.71994028136868,7.139988459449171,4.50854188645771,32.401764432359975,45.51993239879431,276.84609752345165,241.13390125584525
2023-09-25,243.3800048828125,247.10000610351562,238.30999755859375,246.99000549316406,104636600,-845303500,-721874255.9747498,-646418820.1549903,-608435506.9440571,21.10142340476288,28.561290988525585,20.38845994628071,0.9749714440459534,102017697.0020588,264453290.8836079,247.79963210378818,249.83133611787503,253.4967245782761,255.7661496229078,256.880782910854,257.12129863953095,256.464078071874,254.3881170806107,249.63277449473765,247.47233275018036,245.528756845591,243.79437213445735,242.24912288138245,236.622896494834,230.43882187383136,229.14616136666788,226.92163247253083,5.652965225340466,21.342525371902376,20.960360566642894,47.07036357827816,274.2097980318035,236.45420343304028
2023-09-26,242.97999572753906,249.5500030517578,241.66000366210938,244.1199951171875,101993600,-947297100,-762869189.9845121,-675508585.8624426,-631711491.2124704,21.747694232702084,27.057259581115602,19.92586137381506,-0.3764279732884143,-38393244.13638922,226060046.74721867,245.3465407793877,246.97566561753126,250.37114809124657,252.85461099647773,254.32862535212072,254.75742527183212,254.92106770253818,253.4102007031418,249.27711130908926,247.28609177056964,245.46003676127862,243.80852965544562,242.32249042004148,236.82018856384332,230.64769474777572,229.34449029051584,227.09276045904483,4.194550579162097,14.28570356613578,13.37892360816529,45.18666789603021,266.89293117808035,234.81906833363843
2023-09-27,244.25999450683594,245.3300018310547,234.5800018310547,240.5,136597200,-1083894300,-821247834.1122934,-714935513.591462,-662642306.7885106,19.957037999184802,29.848488245877153,19.246257370473757,0.10139500817587209,13850274.210801234,239910320.9580199,242.11551359312924,243.73783280876563,247.0807653941644,249.7659582473583,251.56290028169659,252.16516613149898,253.1184342397209,252.18065777903306,248.7108460633416,246.90908667220467,245.2180837485333,243.66468053999148,242.25102020749082,236.9170257069001,230.79811162185547,229.4922453860057,227.22616582761157,2.715342336150883,13.333326460006344,16.320518466014835,42.856999273395076,257.8024026703431,235.0735983062194
2023-09-28,240.02000427246094,247.5500030517578,238.64999389648438,246.3800048828125,117058900,-966835400,-847722175.1530526,-739223072.5951638,-683369559.8934448,20.168449200811565,27.803495344320922,19.272861702734257,0.7370793336202212,86281696.00631611,326192016.96433604,244.9585077862514,245.05891884578907,246.8471785570471,248.91946990622185,250.52632120191979,251.1133186317378,252.27613057010734,251.62821464605966,248.56046921298488,246.87969323946064,245.27476282825424,243.78273812011415,242.4129411751505,237.16605147468726,231.03600312202275,229.71592431973824,227.4167512908474,1.9945346453989146,26.576577969818533,18.065202665320218,47.58416399048134,249.6726265565278,239.47537759386285
2023-09-29,250.0,254.77000427246094,246.35000610351562,250.22000122070312,128346200,-838489200,-846043251.3623034,-748782790.2651833,-693901026.8192692,27.101917940125198,29.322685239682084,18.938308106664724,-0.08076105492259153,-10365374.507305916,315826642.4570301,248.46617007588588,247.6394600332461,247.97145277826579,249.24460273484218,250.46505720567646,250.95089728427692,252.0191144014318,251.49409908174,248.667535794128,247.0652659050852,245.5159939693493,244.06261912448758,242.71910039262318,237.50957646800347,231.32888858917818,229.98750149723446,227.6436493000997,1.7133940297936192,35.22521658712509,25.045040338983323,50.46606042543982,252.8584082088468,238.42559447670004
2023-10-02,244.80999755859375,254.27999877929688,242.6199951171875,251.60000610351562,123810400,-714678800,-822156465.4780717,-745501938.9792099,-695306935.7590125,25.11993029711078,30.185427809614108,17.78576732374669,0.5403101485310475,66896015.61368841,382722658.0707185,250.5553940943057,249.61973306838087,249.18097055334908,249.83345357701054,250.6920469852443,251.06891706959303,251.96672586419228,251.50418546476624,248.85672742699174,247.3171959161091,245.81277504906473,244.39033160183664,243.06737120481503,237.88037724788538,231.63837129932074,230.27375983639052,227.88202100958642,1.5836871674236193,38.33333505166508,33.3783765362029,51.498129667299025,255.5921138074533,237.5358891222342
2023-10-03,248.61000061035156,250.02000427246094,244.4499969482422,246.52999877929688,101985300,-816664100,-821157773.5207638,-752341249.5465608,-703492688.4605033,23.327750706294992,28.03185066904952,17.111101760012936,-0.2531421558421635,-25816778.706209797,356905879.36450875,247.87179721763317,248.07486592383887,248.2973132953317,249.00758987758212,249.85963734405482,250.24365919863007,251.28713497858035,251.03045339948343,248.70661590133403,247.27346274184177,245.84776157249067,244.4833606095523,243.2031605214614,238.10799886713306,231.86572439061808,230.4890742594754,228.0675730271955,1.0595722360858133,26.914401991340295,33.49098454337682,47.57612856551379,255.66999072321713,238.42201367131415
2023-10-04,248.13999938964844,261.8599853515625,247.60000610351562,261.1600036621094,129721600,-686942500,-796753396.0036418,-746061321.6158104,-702379616.8933291,29.08207674709327,24.256612904958672,16.492764229924255,0.901825707137828,116986273.65105046,473892153.0155592,256.73060151395066,254.6174347929741,252.58487675092425,252.04569332371392,252.11971060766575,252.22844910108083,252.5212435640215,251.9951724721145,249.51006027299698,248.04493723741217,246.59470021100864,245.20843204662,243.90735044854563,238.714630572264,232.31296529552634,230.89531173500697,228.39685094396083,1.8039318989248727,59.864856644737316,41.70419789591423,57.60872422918125,263.234574598909,239.12143126046604
2023-10-05,260.0,263.6000061035156,256.25,260.04998779296875,119159200,-806101700,-798453178.8477421,-751822176.5003246,-709336325.6587673,28.3784310534978,22.576720921404604,15.930850510090101,0.03400942514895472,4052535.893209325,477944688.90876853,258.9435256999627,257.33371129297143,255.07324709827242,254.0467669410276,253.70576604472637,253.65054704506042,253.4623365926399,252.76229774076728,250.19005559686613,248.71188449049865,247.25105570281156,245.85371707906995,244.5403950502877,239.27608734122992,232.7364312878537,231.2814663847813,228.7118075295231,2.278013766016329,64.72679005801443,50.50201623136402,56.72176560574641,266.7056918645447,241.11830715889286
2023-10-06,253.97999572753906,261.6499938964844,250.64999389648438,260.5299987792969,117947000,-688154700,-778398029.4911611,-745717646.5940942,-707919279.8961056,26.225268009848474,25.061007851326373,15.532025113845174,0.7963645241477273,93928806.52965198,571873495.4384205,260.0011744195188,258.93185503613415,256.8921643252806,255.66757490059493,255.0706125916405,254.9013564512852,254.345794365972,253.5020787920558,250.85714870541005,249.36844639543187,247.8988090236157,246.49181628342765,245.16743833377828,239.83540080012642,233.1607605625322,231.66886416484112,229.0284064474313,2.6617766321224963,65.94664037061611,63.512762357789285,57.02986334448488,269.1112139874973,242.8367840593777
2023-10-09,255.30999755859375,261.3599853515625,252.0500030517578,259.6700134277344,101377900,-789532600,-780422569.5786732,-749915986.7997942,-713366208.2791651,23.842061818671407,22.783603134395015,14.519497220811973,0.6369548578274786,64573145.88134835,636446641.3197689,259.7804004249959,259.30093423193426,257.81811402609856,256.66818453237977,255.9904927588593,255.76838499245778,255.0113217486923,254.0895011383109,251.42572062297938,249.94075567500423,248.47301411649954,247.06478137665837,245.73616676883537,240.35736429032664,233.56548198032155,232.03974031401853,229.33329805917563,2.863509087413007,63.76116247570129,64.8115309681106,56.257144997225346,270.001304713288,245.17469626327446
2023-10-10,257.75,268.94000244140625,257.6499938964844,263.6199951171875,122656000,-666876600,-759777241.0830795,-741963794.9638699,-710270347.1624871,27.687250375902785,21.14541687688723,13.649233149935498,0.057572489329667985,7061611.251219756,643508252.5709887,262.3401302197903,261.46046467456085,259.75207438979487,258.40613717858173,257.51639323052495,257.19595046968135,256.0874059197542,254.99716723153725,252.2124480097025,250.7007134217922,249.2118912384843,247.7845732784205,246.43749337073154,240.96953878577037,234.02432950912865,232.4580218345903,229.674459223932,3.304027253110803,84.51685905204553,71.40822063278765,59.004672007993754,264.1336321230024,257.8783673887163
2023-10-11,266.20001220703125,268.6000061035156,260.8999938964844,262.989990234375,103706300,-770582900,-761741953.5839437,-744703036.8509692,-714278390.9253064,25.792444419868566,19.69830814282443,13.630113312202637,-0.457144668944252,-47408782.18093328,596099470.3900554,262.77337022951343,262.2252274544679,260.8313796713216,259.55210044253005,258.611112631295,258.2494122450802,256.9502289590818,255.75838846990274,252.9077733145201,251.38345102249122,249.88399362852775,248.445678363462,247.086610894796,241.54902435020733,234.466553336995,232.8624187670378,230.00595704493142,3.5612530361184724,82.68331751647669,76.98711301474117,58.374883991870654,264.9809879360209,257.7630062046041
2023-10-12,262.9200134277344,265.4100036621094,256.6300048828125,258.8699951171875,111508100,-882091000,-783624028.8926755,-757846702.2592355,-725408727.599355,24.719608940643933,22.121770830849467,13.57028145811019,-0.48975158409887976,-54611268.614856295,541488201.7751992,260.1711201546295,260.5476112858277,260.1775848199436,259.3815741111944,258.6628891284735,258.3622454945542,257.190199728845,256.05473196012036,253.29243278565997,251.79937013886322,250.32233516455992,248.89890952666747,247.5487043937133,242.00483937039104,234.83912496722692,233.20688997697357,230.29316140385936,3.3935385486580287,70.69264509504991,79.29760722119072,54.29362373571787,265.2903509238982,256.98164614641433
2023-10-13,258.8999938964844,259.6000061035156,250.22000122070312,251.1199951171875,102073800,-984164800,-820086574.207189,-779488848.2514803,-742539974.0052235,22.820801281439344,25.262312696284017,12.965768997276035,-0.8081037466977264,-82486220.2196744,459001981.55552477,254.13703679633483,255.8338032015076,257.15838825235824,257.3161793626927,257.1543103262163,257.04547269866936,256.4314241523878,255.5847570226982,253.15227551672626,251.76162708210344,250.36124540615148,248.99547846538573,247.68875501032014,242.2447118900436,235.08768787027975,233.4441496477049,230.5003935801114,2.6052318869878377,48.13734863889916,67.17110375014192,47.55794962693533,269.2290716746575,249.27892393081126
2023-10-16,250.0500030517578,255.39999389648438,248.47999572753906,253.9199981689453,88917200,-895247600,-833752395.2411075,-790554218.7146034,-752633102.0881281,21.315854568569883,24.917885105630823,12.390589124465926,0.572255456892807,50883352.911629096,509885334.46715385,253.99234437807516,254.87690068522647,256.0789248912206,256.46713406425584,256.50744789476215,256.47720460235587,256.1174959044575,255.426208560436,253.20180601041784,251.88153658692798,250.5348431018975,249.20958801771442,247.93311748712898,242.55195626580417,235.37520405804563,233.71535293937697,230.73342447154258,2.181285522150091,56.28636785316036,58.37212052903647,49.97274532879564,269.1116305892517,247.0963589127014
2023-10-17,250.10000610351562,257.17999267578125,247.0800018310547,254.85000610351562,93562900,-801684700,-827921842.3697779,-791617806.3897763,-755870032.0189695,21.222135580020932,24.289386065024484,12.042288079675375,0.5386161021161391,50394484.50068211,560279818.9678359,254.56411886170213,254.86345339437105,255.66928529531896,256.0628520740708,256.17595953651283,256.18135032983946,255.95905967933976,255.3713321359674,253.30814150029514,252.04645156007172,250.74533885807398,249.45482358666231,248.20436802110493,242.87558915627025,235.67252928011385,233.99528212035895,230.97339045793038,1.8984645242839804,53.48302290177856,52.63557979794603,50.78338031838512,265.6207945064817,247.07919939000266
2023-10-18,252.6999969482422,254.6300048828125,242.0800018310547,242.67999267578125,125147800,-926832500,-845905756.8553897,-804534312.8516556,-767135290.5290347,19.128369629172862,25.592536821457205,11.689340869003606,-0.9043839523779996,-113181661.99541143,447098156.9724245,246.6413680710882,248.77172303507615,251.3395210888064,252.7171372244984,253.47676616436652,253.7265580291016,254.29917630389494,254.1626331397592,252.62245447935877,251.52609273316668,250.35190733698653,249.16026572097184,247.9877258507001,242.87044188046792,235.7795134540935,234.11031139923873,231.08987406208811,0.6844189160592578,2.2337707784538634,37.33438717779759,41.34264150021073,264.3804741542622,240.19552071878468
2023-10-19,225.9499969482422,230.61000061035156,216.77999877929688,220.11000061035156,170772700,-1097605200,-891669622.0853659,-832522120.3631728,-788881054.8215265,15.737594205165259,37.64191711908843,12.034769029634864,-0.518437976837095,-88535053.08700818,358563103.8854163,228.95378976393044,234.44086182271386,240.92968092932148,244.5653530709617,246.80341305356356,247.61445668023794,250.02552934220202,250.91952527981562,250.52487681039057,249.78075428189916,248.87669237471164,247.89721071616228,246.8944817236276,242.2714828996754,235.54028425037222,233.92487681925348,230.98062158993153,-2.075011271285689,6.3842055162156806,20.700333065482702,30.14879460248308,273.4818332028925,215.59016386741996
2023-10-20,217.00999450683594,218.86000061035156,210.4199981689453,211.99000549316406,137734000,-1235339200,-954155368.6706251,-870980504.3932225,-818221397.1686519,14.787493128378198,39.588519549893206,14.20121823780061,-0.6279604573296403,-86491505.62984069,272071598.25557566,217.6446002500862,223.21543365793895,231.28312245060235,236.42151617651228,239.84073154148368,241.13728373713357,245.2710888610723,247.2119519668012,248.03875608024694,247.68126823808055,247.07734179512394,246.33602788037976,245.52567873419767,241.47460191529353,235.18073800980414,233.6343487222192,230.79166023573484,-4.861060045405225,2.6828557921988794,3.766944028956141,27.286358701919028,276.04856666344875,197.37143455725436
2023-10-23,210.0,216.97999572753906,202.50999450683594,212.0800018310547,150683400,-1084655800,-977882834.3966236,-891376044.7531788,-835709917.633489,13.091047893382827,40.0495522543785,16.542758601128448,0.3227375973578149,48631198.47770656,320702796.7332822,213.93486797073186,217.64771774449682,224.88208224408646,230.33613759014787,234.2885855993979,235.85414157239194,241.1222029823201,243.86605195387295,245.7188364512668,245.7034201043569,245.3701544798035,244.84663544345258,244.2140835615254,240.70105980781358,234.82805501470872,233.34886068392564,230.60547457996688,-6.981285900790738,14.406151108162819,7.824404138859126,27.36866699301865,267.17315564321,189.51084704233688
2023-10-24,216.5,222.0500030517578,214.11000061035156,216.52000427246094,118231100,-966424700,-975799529.0028013,-898537995.3966614,-844280296.7931216,15.881568207862701,38.44539338466472,19.008127592544877,-0.3929463674868744,-46458481.268977396,274244315.4643048,215.65829217188457,217.0838610084789,222.0947229202113,226.88210426072612,230.7348693340105,232.33884388149536,238.0469281435877,241.26166646040514,243.83504082682774,244.08211922480712,243.9628300794453,243.61504278384425,243.12804123646404,240.06471624109378,234.54854278963623,233.1259619235089,230.46532064655887,-8.208684471356236,21.089881216669497,12.726296039010398,31.488988683086205,246.19278044744263,195.15922150568238
2023-10-25,215.8800048828125,220.10000610351562,212.1999969482422,212.4199981689453,107065100,-1073489800,-993561453.872312,-915230563.9236394,-859292777.3336753,14.683362800129427,36.78822698197402,20.668243582778295,-0.9443035529759433,-101101954.32972467,173142361.13458014,213.4994295032584,214.7519295887121,218.86981466978932,223.26657773778092,227.0718951009975,228.71723557012263,234.84356189675742,238.51484090883753,241.80826388115793,242.32311249948145,242.42415535210384,242.25873649623995,241.9238042534241,239.33722366024776,234.2107024137478,232.85171074795178,230.28576519902043,-9.403841280240925,14.917962484469596,16.80466493643397,29.80740950396377,221.83222742647814,207.41577672391247
2023-10-26,211.32000732421875,214.8000030517578,204.8800048828125,205.75999450683594,115112600,-1188602400,-1029023537.8665843,-941309076.9977505,-880840361.3927369,13.720103834305409,39.16999542680542,22.326667150982196,-0.8225827043439873,-94689633.81206767,78452727.32251246,208.3398061723101,210.255962047774,214.49987461547153,218.88993193004467,222.8095149821652,224.54319174043414,231.20811597301724,235.39533172769453,239.4825690828146,240.29182816655668,240.63565970111515,240.6718346706137,240.50561563591083,238.45361236673693,233.77634046097052,232.49288006926153,230.0417276796952,-10.764333758478472,4.892367321709582,13.63340367428289,27.260749065161548,219.45130089573294,204.0567008132514
2023-10-27,210.60000610351562,212.41000366210938,205.77000427246094,207.3000030517578,94881200,-1093721200,-1040786774.6181185,-955846254.8042812,-894756953.5429372,12.955104824235356,36.985973491706744,24.2119860512255,-0.5391569518268036,-51155858.577669315,27296868.744843148,207.6466040919419,208.7779825497659,212.09991742756696,215.99244971047295,219.70761259608375,221.40806652431115,228.2196018578598,232.71958613951008,237.40627450016578,238.4589489935123,239.00953010846357,239.22088546979387,239.20343475025777,237.63378054265854,233.3721215692268,232.15919957896347,229.8154418625018,-11.584726514101277,7.210609623349367,9.006979809842848,28.776075001564365,219.45495872831071,202.17704200411117
2023-10-30,209.27999877929688,210.8800048828125,194.6699981689453,197.36000061035156,136448200,-1230169400,-1075220040.196046,-982007662.2794865,-916665000.4960098,11.643903858190422,40.399491314758045,25.99377042927391,-0.6681059435829806,-91161853.41119926,-63864984.66635611,200.78886843754836,203.06899158005874,207.1866118218285,211.3343374354426,215.23809019893733,217.03569090359122,224.36215170192128,229.35200656530452,234.82264392662938,236.1756740833367,236.977845742702,237.4008469976442,237.5625157643791,236.57394422865048,232.82231819580886,231.69828303633287,229.49250214855007,-12.888399363386867,3.6385799441371107,5.247185629732019,25.13621149553309,222.38964952275342,193.35435072138722
2023-10-31,196.1199951171875,202.8000030517578,194.07000732421875,200.83999633789062,118068300,-1112101100,-1081925697.146714,-994412697.8523256,-929420037.242142,10.735185146541038,37.63071477899341,28.127546117638918,0.5509718961982351,65052315.13190208,1187330.4655459672,200.8229537044432,201.9544939589747,205.07107332718255,208.7107521610546,212.358471426728,214.0910191643729,221.42188228141745,226.63657701983652,232.63021504993657,234.21258087525635,235.21502382051605,235.81124479504624,236.12241696334036,235.63357717889363,232.3340384727872,231.28956400721444,229.207402588245,-13.485312627571773,9.489752398650108,6.779647322045528,28.54397387767834,216.40864672616502,193.0633503441475
2023-11-01,204.0399932861328,205.99000549316406,197.85000610351562,205.66000366210938,121661700,-990439400,-1065291805.2238948,-994033868.9906336,-933399456.6108643,12.05306367195631,35.06651508828766,30.09184961321187,0.9189184629486956,111797182.36372532,112984512.82927129,204.04765367622065,203.80724881054203,205.26738343882482,207.94806503631827,211.01877787380428,212.55810725487044,219.45164745400393,224.63880812862442,230.89020141201223,232.62632658563706,233.77331552010597,234.50032126752726,234.92781252015484,234.84479892845195,231.9268013001051,230.9500996317826,228.97310011136804,-13.414798929743938,17.68655051700122,10.271627619929479,33.087161061981135,211.68587567159736,195.0821235959808
2023-11-02,212.97000122070312,219.1999969482422,211.4499969482422,218.50999450683594,125987600,-864451800,-1028775405.2277399,-981680341.3451387,-928906131.4697253,19.160394228055324,31.704038975443606,31.32867234948537,0.8219348538306451,103553599.59047379,216538112.4197451,213.68921422996416,211.158621658689,209.68158712816188,210.5885474039477,212.51702120041062,213.6402685734096,219.33394083560793,224.055111593216,230.09147838587182,231.84208591459256,233.0287632755562,233.80508966923634,234.28397651963255,234.4149356541989,231.72196455516968,230.78533002747866,228.86898960784038,-12.18160745887792,38.72602258813881,21.967441834596713,43.41607468783695,222.04483496315143,189.82316430442668
2023-11-03,221.14999389648438,226.3699951171875,218.39999389648438,219.9600067138672,119281000,-745170800,-977210890.6391068,-959135184.3544924,-916939908.4395016,22.12202865869385,29.23499007661634,30.78873631718362,-0.6085288385325527,-72585928.38900141,143952184.03074366,217.86974255256618,215.55931418627807,213.10772699006367,212.93141223142757,214.00561830310195,214.7893118716746,219.41219907039033,223.6651016047066,229.43783505219412,231.18197040344114,232.3912629554738,233.20312954074203,233.72225221352411,234.03454278734807,231.54239267972994,230.64194826173548,228.78034301188046,-10.960939578192608,41.02361812544367,32.478730410194565,44.45796146986637,229.01756443655376,187.91443629586814
2023-11-06,223.97999572753906,226.32000732421875,215.0,219.27000427246094,117335800,-862506600,-956355551.5303516,-949924907.4880235,-913396969.130657,20.379492908218243,29.02745978638012,29.57977249398264,-0.24558277213736138,-28815651.034955006,115136532.99578865,218.80325036582934,217.4146592293695,215.16181941752944,214.51606024168592,215.05849549697376,215.60398321727212,219.39442472064917,223.24652090639748,228.7818459696307,230.52019450727556,231.75120155630242,232.59734148559937,233.15549739230596,233.64600230011422,231.355027971222,230.49132648704312,228.68571277566735,-9.934707791463694,41.61162147316862,40.45375406225036,44.042374583463186,230.72928750291013,194.9667146943555
2023-11-07,219.97999572753906,223.1199951171875,215.72000122070312,222.17999267578125,116900100,-745606500,-918037521.8099736,-930451560.112265,-902482110.7060201,19.559912838908648,27.860093767473476,28.705298639593348,0.7459450765620683,87201054.04461344,202337587.04040208,221.05441190579728,219.79732595257536,217.5012105036134,216.43204335020977,216.48279493273526,216.7996213006374,219.7426207150407,223.14494678919593,228.35591995067267,230.05684996108144,231.28431331822821,232.14441327647685,232.72508544263835,233.34426520473704,231.21495109648245,230.38124259550324,228.62097924233515,-8.785328168075438,76.92936649287903,53.18820203049711,46.32134772887975,230.21390871806307,204.01809201435879
2023-11-08,223.14999389648438,224.14999389648438,217.63999938964844,222.11000061035156,106584800,-852191300,-906065476.2784661,-922993194.1940566,-899212414.2904692,21.447037869653354,29.483012344154112,27.886031510549024,0.3732734231985355,39785273.156931266,242122860.19733334,221.7581377088335,220.95366328146346,219.03747387252614,217.8515326652452,217.60823606825852,217.7651448114945,220.03854320195455,223.04638048644884,227.95295741258744,229.61535833048532,230.8367858690635,231.7081344649062,232.3088076060781,233.04862666277953,231.07594421883158,230.27168972152774,228.5561933853005,-7.790282779835991,86.81115753312056,68.4507151663894,46.27253361105921,223.74289969864662,217.0690998130721
2023-11-09,219.75,220.8000030517578,206.67999267578125,209.97999572753906,142110500,-994301800,-922108449.9317355,-929788618.1326901,-905391637.6481729,19.115540907721904,33.914749051675635,27.07356336943926,-0.5325778149041085,-75684899.5649303,166437960.63240302,213.90604305463722,215.46682950450128,216.0183144908638,215.88364843081865,216.08258800011464,216.34966315986622,218.78122476765262,221.8019628903622,226.79341149742305,228.52450485254386,229.81938147191596,230.76343278067287,231.43316792456676,232.4415574276416,230.7538686693462,230.00292556266697,228.3713555976611,-7.889546380501429,49.25694865675364,70.99915756091774,38.66741126051713,228.78411867678275,208.61588132321722
2023-11-10,210.02999877929688,215.3800048828125,205.69000244140625,214.64999389648438,130994000,-863307800,-911417419.5614486,-923453629.7238432,-902658167.469622,18.35299236050508,33.27508037526732,27.138893051843514,0.8493269757686082,111256737.86383305,277694698.4962361,214.40201028253531,215.05841170049283,215.56220762607066,215.57523479723508,215.7960691793886,216.04063238470587,218.26482090875658,221.12082298618336,226.0099652005883,227.75369868831834,229.07941134628513,230.06284848136033,230.77500423719098,231.97335838734801,230.50800798579104,229.79957547437317,228.23482463546034,-7.504872180873264,63.715152786359866,66.59441965874468,42.58018835367018,228.16724882410125,207.10874604894565
2023-11-13,215.60000610351562,225.39999389648438,211.61000061035156,223.7100067138672,140447600,-722860200,-877134280.5725253,-904339988.5907651,-890984855.126022,23.606797126658652,30.06509343898167,27.179239938038936,0.7548965909480703,106023414.4468382,383718112.9430743,220.60734123675655,219.38420920718,218.2781406553362,217.6089277763931,217.37885668628434,217.43506408091702,218.9454691343954,221.36741191262942,225.8615807820902,227.52904913418215,228.817489169094,229.7866379697302,230.49794551078614,231.75590176436168,230.40422170683036,229.71891893449893,228.1898015715639,-6.395227586833499,91.76473867306119,68.24561337205823,49.33342740935735,230.40573953809206,206.64625631151733
2023-11-14,235.02999877929688,238.13999938964844,230.72000122070312,237.41000366210938,149771600,-573088600,-821853236.97619,-872778036.7376916,-870353993.0036486,29.498036051786812,26.69267204200158,26.05085166969201,0.8032356043983162,120301881.64770286,504019994.59077716,231.80911618699176,228.39710643464468,224.65542832426058,222.55919674782217,221.38508608144937,221.06687127749743,221.25353595035966,222.89527779353227,226.6066403227366,228.0779910524003,229.23663621753374,230.11808865200757,230.7690066147596,231.90469391956557,230.51118020996438,229.82078760638782,228.28154487594745,-4.3600905832464605,98.34355375772418,84.60781507238174,57.47756067717296,242.5002491868184,200.64375105732222
2023-11-15,239.2899932861328,246.6999969482422,236.4499969482422,242.83999633789062,150354000,-422734600,-749286200.509622,-829899302.1290776,-841315437.8556366,33.047196653409024,24.725198303388964,24.581911454452833,0.24682914919969512,37111749.89877096,541131744.4895481,239.16303628759098,235.61855138626765,230.7169509954706,227.62939664533928,225.67606813273764,225.025621288478,223.95184349880103,224.79477479775687,227.65395361403688,228.89810245714978,229.90021475999018,230.67121507313294,231.24237876076475,232.1924650358373,230.69940641039074,229.99322745713621,228.42640508949913,-2.282760574012002,92.66577736775834,94.25802326618123,60.20770607979793,254.07436156696568,197.3616369681906
2023-11-16,239.49000549316406,240.8800048828125,230.9600067138672,233.58999633789062,136816800,-559551400,-714788959.556352,-804142396.4252537,-823042996.5867902,29.64612764570787,25.726855982132523,23.811358628457032,-0.46976005857407205,-64271067.9819171,476860676.507631,235.44767632112408,234.60427386207914,231.6746327762773,229.11954656847712,227.25885377376827,226.5827803883712,225.15661260368722,225.63241494443628,228.03692411235005,229.15876322830204,230.0802041052536,230.79811860638327,231.33444219516184,232.22924217536502,230.74353755432202,230.04086678006013,228.47778410689608,-1.367100189865198,75.09024663693381,88.69985925413876,53.863342285886226,252.9540047982534,207.9259939810435
2023-11-17,232.0,237.38999938964844,226.5399932861328,234.3000030517578,142532800,-417018600,-660648888.4080977,-767261173.4910103,-796721044.0997308,28.506387409688166,27.694319305640132,22.578109926711065,0.43041574199863303,61348360.87114276,538209037.3787738,234.68256080821322,234.45213845691848,232.54975620143748,230.4146606892973,228.66708362936618,227.9859117817142,226.29953640969603,226.45789952608595,228.4409937213441,229.44438766293845,230.28604795630258,230.95037445183434,231.45073869934208,232.28373588263852,230.79783473748898,230.09727918100978,228.53571663371065,-0.5774842514375393,76.43930013084349,81.39844137851188,54.261743823472024,248.34251790079958,220.39748454060668
2023-11-20,234.0399932861328,237.10000610351562,231.02000427246094,235.60000610351562,116320100,-300698500,-595203357.5319417,-722813232.36696,-764574688.3101516,26.94096006340148,26.173486653126954,21.057993177516177,0.5065790959672137,58925331.1008159,597134368.4795897,235.29419100508147,235.02607228021705,233.56650616879688,231.7109970428519,230.0536681241961,229.37029256749628,227.4620951214235,227.328576342984,228.90286548793583,229.78636646519274,230.54526542689834,231.15253234973352,231.61345506813322,232.37100615160898,230.87115033086343,230.17016298130787,228.60600807122117,0.15144567882620663,77.27739421690224,76.2689803282265,55.02749652902136,244.15301523801,229.34298695925563
2023-11-21,235.0399932861328,243.6199951171875,233.33999633789062,241.1999969482422,122288000,-178410500,-519422832.5701073,-670951206.1513522,-726597503.9502428,29.02796181709759,23.951303146168197,19.68971467655658,0.5291831797064018,64712752.67993647,661847121.1595261,239.2313949671886,238.1130346142296,236.11100309527865,234.08324701919946,232.28293388900534,231.52114790945006,229.17933284977582,228.64966401967527,229.6962288079556,230.42045704758436,231.0650084279395,231.5893786366252,231.98939788696103,232.6033480146783,231.02884264563255,230.3162534974262,228.7313213933806,1.167541666745194,86.58863512141362,80.10177648971978,58.26864587573529,245.95250460896156,229.05949490275717
2023-11-22,242.0399932861328,244.00999450683594,231.39999389648438,234.2100067138672,117950600,-296361100,-478866151.55181813,-635267151.075823,-698730389.3797643,27.381799877653744,23.685320140871003,18.951360090661602,-0.5543199553731869,-65382371.32824062,596464749.8312855,235.88380279830764,236.1615206640484,235.47733763480818,234.1149369428664,232.66834845397773,232.010031328435,229.80816708278724,229.17922046674116,229.98744028575638,230.63098758460006,231.21842297847255,231.70331898780967,232.0764805860554,232.64562850676222,231.07741003598727,230.3678263877102,228.7858356751765,1.3927168902444578,69.54403338851203,77.80335424227597,53.12225879993567,242.01379286437208,229.54621079773727
2023-11-24,233.75,238.75,232.3300018310547,235.4499969482422,65125200,-231235900,-433842467.2995668,-596779390.1282138,-668457742.5531452,25.689942161905698,22.221859308882447,18.11002592303072,-0.028038627088874155,-1826021.1968883472,594638728.6343971,235.594598898264,235.8057588061453,235.46822407261953,234.44870194421034,233.22467815283062,232.63547962294538,230.5133958159691,229.77643727450317,230.33986329623934,230.89871032702462,231.42484122090033,231.86621802956762,232.20877534535686,232.71942767627485,231.14416708808275,230.43513990506827,228.85214573759507,1.652181407235389,72.56766274834604,76.23344375275722,53.900105181875624,241.93827963014311,230.36572427610687
2023-11-27,236.88999938964844,238.3300018310547,232.10000610351562,236.0800018310547,112031800,-119204100,-376635489.1898251,-551286838.2998891,-632899271.5807966,24.707165252819724,21.534216679210594,17.32750549870567,0.27768810817827566,31109898.59780694,625748627.2322041,235.9182008534578,235.94288031859998,235.67214999209793,234.85652691592142,233.79574288847544,233.26175638805614,231.2092215678548,230.3767767560795,230.71019481461454,231.18655985502627,231.6519222262737,232.04942602093664,232.36058814871757,232.80786383824275,231.21952334370064,230.50990628819392,228.92406470369914,1.8868940945924066,74.10388554083504,72.07186055923103,54.3148798876543,241.93226334644356,231.0837400715252
2023-11-28,236.67999267578125,247.0,234.00999450683594,246.72000122070312,148549900,29345800,-302820706.9754106,-495978382.01125187,-590035358.2717036,27.96059331545287,19.23520691477534,16.635933740060544,0.9568901214946794,142145931.85902247,767894559.0912266,243.119401098288,241.33144076965155,239.35476706829968,237.82239549211684,236.380594554921,235.70870999399196,233.14806902446082,231.9332743241389,231.74308555049123,232.0495288197861,232.3869504699044,232.68727711657866,232.92370238683466,233.17397271672857,231.45617186090678,230.72460953233312,229.10113869889324,2.89805761469205,99.32220092993293,81.99791640637133,60.73953907571155,249.1316273621692,228.33237410267455
2023-11-29,249.2100067138672,252.75,242.75999450683594,244.13999938964844,135401300,-106055500,-267045213.8615361,-458836726.92844826,-558716234.5299,29.177870204384526,17.44711244581387,16.802986798243833,-0.7237228980991439,-97993021.24239162,669901537.848835,243.79979995919496,242.73572007964998,240.94984450874927,239.40179646649975,237.9324755218665,237.24167170229313,234.5220603201093,233.09581956847313,232.5428864433401,232.7212216292229,232.9602699294041,233.18522156323388,233.36355717125875,233.46255236601596,231.64981808271963,230.90229681521149,229.25077910377638,3.451441336341901,81.70420514869052,85.0434305398195,58.5880102611797,250.70327646653269,227.93672597487355
2023-11-30,245.13999938964844,245.22000122070312,236.91000366210938,240.0800018310547,132353200,-238408700,-261838574.8661032,-437840439.83029,-537992664.4453818,28.43176499295813,21.075574585434893,17.34961661002821,-0.2370639951230619,-31376178.359321635,638525359.4895134,241.31993454043476,241.40786095535233,240.65989694951776,239.5713478076385,238.36198078370415,237.7577317257043,235.21680300897748,233.76097978395708,233.02915195222494,233.13004275154688,233.30757392460654,233.48499461835652,233.6269471579174,233.63669577299066,231.77852317811406,231.02385582204386,229.35853256374932,3.521796967304084,73.076925571086,84.70111054990313,55.2701595935282,250.35062968097128,230.63737080731
2023-12-01,233.13999938964844,240.19000244140625,231.89999389648438,238.8300018310547,121173500,-359582200,-279610143.383696,-430386264.9888963,-526451799.9899949,26.65746104582017,23.283788829780313,17.129507066454018,0.6718940389549672,81415752.32930972,719941111.8188231,239.65997940084804,240.11893139320352,240.0499319100301,239.38601131349253,238.45558499317428,237.9526899266771,235.66845286173714,234.24374378844257,233.4034003315043,233.44670714485287,233.57696065175034,233.71738623629992,233.8309885176483,233.77336172188708,231.88617934075435,231.12724848441488,229.45277603904592,3.4370693623051807,66.1643209152603,73.6484838783456,54.25150073458494,249.6667758277612,232.67322661364503
2023-12-04,235.75,239.3699951171875,233.2899932861328,235.5800018310547,104099800,-463682000,-313077754.15742326,-433557675.8253245,-522392094.82378125,26.167546149507032,22.85587579745095,16.385828116028343,-0.24670794234789525,-25682247.45682743,694258864.3619957,236.93999435431914,237.8494666121291,238.5599552170383,238.43450894288307,237.88046836075037,237.52129209110936,235.65739648290185,234.37100645916755,233.5438262347011,233.56522351630852,233.67466997757006,233.79836952302838,233.8995772750368,233.82090488265467,231.9425735772475,231.1862253499333,229.51374345986193,3.072259194715656,34.49067618948372,57.91064089194333,51.58921305503889,249.87256778465454,232.2674346567517
2023-12-05,233.8699951171875,246.66000366210938,233.6999969482422,238.72000122070312,137971100,-325710900,-315374689.7921098,-423285415.9365587,-509673558.83238506,30.043259334655026,21.455400220421346,15.746421331049936,-0.22530838397027364,-31086045.575601023,663172818.7863947,238.12666559857513,238.28473391641612,238.61330388492658,238.50588201233808,238.04837493274093,237.73923920558093,236.04022207512702,234.78519643645666,233.87777300799158,233.85160005544154,233.92078369674726,234.0123535098838,234.08861350820018,233.94982847049806,232.04604575501017,231.28601046080442,229.60534801469618,3.0019120438443565,46.47083103617106,49.041942713638356,53.94095178405305,245.65750298739343,233.28249945401282
2023-12-06,242.9199981689453,246.57000732421875,239.1699981689453,239.3699951171875,126436200,-199274700,-294265600.53639245,-401948922.7007791,-489604388.04632354,28.40653225462328,20.28653121847602,15.813017462272835,-0.9459468376198793,-119601923.55067459,543570895.2357202,238.9555519443167,238.82736451680182,238.86553429568022,238.72191028855042,238.31269896963025,238.03574028041848,236.45644370538457,235.2218439298596,234.2321099182623,234.15817755887187,234.18659888798825,234.2452944493318,234.2957265124742,234.09246443488462,232.15786177580677,231.39308310525985,229.70250868238267,2.96443829580042,48.95077659124212,43.304094605632294,54.43440768556205,241.9708098086729,235.06119092374897
2023-12-07,241.5500030517578,244.0800018310547,236.97999572753906,242.63999938964844,107142300,-92132400,-257514109.2411675,-372439910.2252953,-463909006.67192614,27.375536494329538,21.289693326532007,15.853489788395551,0.5943658581664539,63681725.08542766,607252620.3211478,241.41185024120452,240.73368195322513,240.12368932700298,239.70143256382494,239.1781590536339,238.87287830027844,237.22938816591756,235.92833492602998,234.77455440028723,234.6293898828039,234.59895988806923,234.6102816206499,234.62295289981438,234.31739956527315,232.31789441113258,231.54204888386104,229.83123993320126,3.1621507907679813,61.42694383591071,52.282850487774624,56.93412222578041,244.04659112916775,234.00940862669162
2023-12-08,240.27000427246094,245.27000427246094,239.27000427246094,243.83999633789062,102980100,10847700,-208721052.7019978,-335933331.9258097,-433221415.0627785,27.41831257282013,20.558545029525337,15.622881303849846,0.5233306884765625,53892646.632385254,661145266.953533,243.03061430566194,242.28683914555788,241.36245833063222,240.73607350734136,240.11052651048524,239.77599067075337,238.0557141874142,236.68182648906432,235.3594216220681,235.14109024141982,235.04974215391417,235.01157356487778,234.9844055836605,234.56799421718415,232.49380436421285,231.70493560510647,229.9706305441932,3.376744088499578,58.99675373236514,56.458158053172646,57.847999941147094,246.60893150880614,233.4510660497876
2023-12-11,242.74000549316406,243.44000244140625,237.4499969482422,239.74000549316406,97913900,-87066200,-186601988.45808315,-312229940.083146,-410849178.2928717,25.393058494547976,20.539350140398792,15.50893491988496,-0.2353901686616857,-23047969.435323425,638097297.5182096,240.83687509733002,241.01342231936098,240.82164071814285,240.48705650379702,240.036422307021,239.76944791119166,238.26625060063293,236.9730816323119,235.64203993633237,235.39658553318338,235.27853548753612,235.2171575617598,235.1708996977587,234.70409977707837,232.60443338908232,231.81136037183572,230.06783825512824,3.1793265297242215,39.06327499974986,53.162324189341895,53.658333993778655,245.3456200389593,236.3783789844782
2023-12-12,238.5500030517578,238.99000549316406,233.8699951171875,237.00999450683594,95328300,-182394500,-185836990.55332312,-299863829.2177498,-396085694.5322007,24.465689879488536,22.849399667402558,15.118563331397505,0.22655977588698983,21597558.283687733,659694855.8018973,238.28562137033396,239.01170841309846,239.55109198104054,239.61779100455675,239.431136746984,239.2677291103997,238.1092185889083,236.97659714417134,235.73029506991327,235.48621936505296,235.3629969031117,235.29510699415442,235.24302106282056,234.76478121733516,232.6716938641625,231.88021645309402,230.13691443673727,2.7706443576464324,26.276341951151878,41.445456894422286,51.00918940660232,245.9759870178092,235.06400932008142
2023-12-13,234.19000244140625,240.3000030517578,228.1999969482422,239.2899932861328,146286300,-36108200,-158613573.99328032,-274742718.38601136,-372825270.62952995,23.940699336942306,26.17635156060672,14.286223748819433,0.8330563212969712,121864726.93414511,781559582.7360424,238.95520264753318,239.15085084961564,239.46405908273798,239.53584157495078,239.4029080548138,239.27177714235117,238.25681542606137,237.1969205862629,235.9599530193468,235.69754013844627,235.55455770228346,235.46879770250132,235.40172585589164,234.8838657454614,232.77273660342922,231.97835919260447,230.22798984817405,2.6007577225134924,45.17309555730001,36.83757083606724,53.09209422678194,245.97729107580344,235.03070452966531
2023-12-14,241.22000122070312,253.8800048828125,240.7899932861328,251.0500030517578,160829200,124721000,-107098196.75526617,-236696462.18938655,-340678878.5905963,31.667528094835546,22.713425805628837,13.644390065738667,0.5676089650260472,91288095.75796714,872847678.4940095,247.0184029170163,245.1004269506867,243.3260404057446,242.41438194415252,241.7323270542026,241.41327276224328,239.85596387927342,238.5162617734529,236.9335046343411,236.55045474474136,236.31043308518463,236.14624141333857,236.0153837851413,235.30929041141658,233.05177883928155,232.23096374703036,230.435174059155,3.3761378304504888,88.9797470535632,53.476394854005015,62.05363576329321,253.25248085190057,231.11951621841192
2023-12-15,251.2100067138672,254.1300048828125,248.3000030517578,253.5,135720800,260441800,-40272742.64233792,-189347604.86285314,-301844198.9366526,29.699743864651957,21.157739054085326,13.847958855177733,0.7838748936727082,106388127.6691749,979235806.1631844,251.33946763900545,249.30021347534336,246.7173602704964,245.1857864581144,244.0858616433621,243.61085953274448,241.56146839436423,239.94328446169547,238.00231078696427,237.49209614781128,237.1489485444439,236.9007526562369,236.7010550092534,235.7879932953267,233.36396542188794,232.51267283647368,230.66467481478531,4.140596214814167,97.57036370986772,77.24106877357697,63.61326824523686,259.25321704372715,228.98278149142908
2023-12-18,253.77999877929688,258.739990234375,251.36000061035156,252.0800018310547,116416500,144025300,-6764007.551871977,-157596374.87663078,-273041860.43651885,32.76480537478276,20.57366175666622,14.089863050446807,-0.8048774436323413,-93701014.91662446,885534791.24656,251.8331571003716,250.69010765319902,248.5049074573492,246.90934030134946,245.68468968090065,245.1507035869827,242.87628507395053,241.09916230639635,238.9105489188411,238.3025353524359,237.8772926072054,237.56072001166376,237.30415096304952,236.21673036205638,233.64970643576834,232.77184275693173,230.87776264579298,4.579068357578507,78.19256755912782,88.24755944085291,62.02213790503775,262.1695273569484,231.00246971336412
2023-12-19,253.47999572753906,258.3399963378906,253.00999450683594,257.2200012207031,106737400,250762700,40059030.25867206,-118703450.11908688,-239207836.86313778,31.409727747874726,19.722782026689593,14.717023387199644,0.5797393124100003,61879866.88443117,947414658.1309911,255.42438651392595,253.95505443695106,251.40993871180052,249.4870055311879,247.99175198886115,247.34512133856822,244.6692495922946,242.6344802982351,240.091803906058,239.35350567845074,238.82083936883942,238.41547136857852,238.08516469864378,236.7694480162313,234.00955826454597,233.09565942532606,231.13987447240902,5.280445989316519,95.0229556390831,90.26196230269288,65.39612027222354,264.1387236272529,237.11727612860648
2023-12-20,256.4100036621094,259.8399963378906,247.0,247.13999938964844,125097000,125665700,55623879.322632805,-95429339.95389539,-215641427.0629523,29.315218433297506,22.649660637083905,15.24800491166368,-0.978193235268253,-122369039.15235265,825045618.9786384,249.9014617644076,250.54752691329975,249.9866256044165,248.90025399580304,247.82140146901864,247.3078264387646,244.97809331696382,243.06357735456018,240.54652619532192,239.78608866240617,239.2266520527813,238.79479867384245,238.44025625515377,237.0423572629002,234.21002301454755,233.2816771731979,231.29907969546613,4.965679646014962,59.860944395601955,77.69215586460429,55.06454433483311,259.53495489405094,244.86104730321466
2023-12-21,251.89999389648438,254.8000030517578,248.5500030517578,254.5,109594200,235259900,88284974.02572466,-63934076.40857364,-186520753.86178613,27.364398922077708,21.142409378019675,15.074842516491222,0.9039990234375,99073049.77441406,924118668.7530525,252.9671539214692,252.52376345664987,251.4910837362777,250.30019049685228,249.15712117521494,248.6154943589892,246.16833165234334,244.15276046364968,241.44675031175277,240.60352818116138,239.97169341606025,239.47763351411018,239.07005012750068,237.5017689138765,234.5197936555468,233.56271456163236,231.52993462386948,5.249601452561535,83.1226408315365,79.33551362207385,60.029914070900965,260.33324693375175,245.44275404281072
2023-12-22,256.760009765625,258.2200012207031,251.3699951171875,252.5399932861328,93249800,142010100,98053178.75675735,-44319753.56809218,-165304587.59593242,28.104377351555094,19.505199475479113,14.940823703163257,-0.6583949995767638,-61395202.031533316,862723466.7215191,252.68238016457826,252.53187837139134,251.84072025289606,250.8601411941724,249.83369559739853,249.32903961846984,246.96478935656702,244.9515445419814,242.16244340687408,241.26666513143758,240.58478121460035,240.0455621998503,239.59828319254507,237.89751166051482,234.7949112071588,233.8140692467251,231.73898993394175,5.255868982481161,76.92792922699572,73.30383815137806,58.185980826012674,260.1117888988693,245.28020939214636
2023-12-26,254.49000549316406,257.9700012207031,252.91000366210938,256.6099853515625,86892400,228902500,121843964.45415975,-18297876.263303056,-139848719.66357657,27.84816268495913,19.327379553764285,15.164018234288285,0.462444061131684,40182874.33747874,902906341.0589979,255.30078362256774,254.57093186147694,253.4304752857849,252.2976022335199,251.18895354823135,250.6528479335776,248.17043885594146,246.061872238132,243.09454288717657,242.1190718103334,241.3664984895741,240.76575451079432,240.2654087674085,238.3899451787003,235.12796577424893,234.11600191036533,231.98646252516187,5.5255552292902905,89.79136836714075,83.28064614189098,60.87360184965803,261.71554148987167,245.4884502093471
2023-12-27,258.3500061035156,263.3399963378906,257.5199890136719,261.44000244140625,106494400,335396900,160671770.9394902,15388172.453191694,-109161602.0962789,30.957561278516565,18.127305647543153,15.412488643991805,0.34708195689790783,36962284.750668555,939868625.8096664,259.3935961684601,258.0054671514416,256.100317670992,254.5832022854915,253.23916332686636,252.61414875318277,249.82913430412455,247.52645606701526,244.27812092293334,243.192456845393,242.3456938042976,241.66463485560354,241.09578498991823,238.99652563298204,235.52967625771697,234.4779092021672,232.27953257407972,6.0591790910309555,94.59307362127025,87.1041237384689,63.843694209283704,264.9632355254574,243.92875666204267
2023-12-28,263.6600036621094,265.1300048828125,252.7100067138672,253.17999267578125,113619900,221777000,171781812.5921115,35044690.48236642,-87793716.8224332,28.970156735292395,20.198034204556585,16.137062508045425,-0.9243178693714779,-105020903.88620038,834847721.923466,255.25119384000752,255.59272991361144,255.1268760059218,254.23239988306392,253.22732919664935,252.71702946638248,250.24799160058163,248.06488812499296,244.8524352295687,243.74731994708122,242.8741961882724,242.16530258691563,241.56967548740306,239.36977476568728,235.79914673738207,234.72561891704953,232.4874973512111,5.749291832276128,67.64145778629849,84.00863325823649,56.01291726436288,262.83321464582025,248.47477485613285
2023-12-29,255.10000610351562,255.19000244140625,247.42999267578125,248.47999572753906,100615300,121161700,162578155.75361976,43246476.247485645,-74302676.81105794,26.499264275088237,22.94735325568219,16.204463462992425,-0.7293809973257827,-73386887.86023282,761460834.0632331,250.73706176502856,252.03636282057525,252.9112492464609,252.79429884418272,252.2778625028273,251.94665969568368,250.0269921164513,248.1044221823783,245.0864713907281,244.01024637932886,243.1476498243342,242.43985446259492,241.84066843799664,239.60951742257814,235.9927474853234,234.90779609334743,232.646626688289,5.066055142710695,54.91468838898541,72.38307326551805,52.09727044287999,264.1673837782083,244.73260401476045
2024-01-02,250.0800018310547,251.25,244.41000366210938,248.4199981689453,104654200,16507500,136019854.69909638,40699860.500703014,-68439871.944171,24.512434933792214,23.774909674214804,15.530649280428685,0.17251364145395814,18054277.135450825,779515111.198684,249.19235270097306,250.2281804947603,251.4141655539557,251.70072367537335,251.50628963605092,251.30544850900395,249.82611787301306,248.1344770382418,245.30153763448405,244.2552325898631,243.40483754846156,242.69986071069712,242.0986813686221,239.8413721790615,236.18247650339396,235.08676565726265,232.8035756582458,4.4682367898846,54.75222549783183,59.10279055770525,52.047251580759415,264.7500921534062,242.50189759268758
2024-01-03,244.97999572753906,245.67999267578125,236.32000732421875,238.4499969482422,121082600,-104575100,92275317.46974428,26863921.004847266,-70772697.09219925,21.62468951428848,27.458949920713643,14.582495733166942,-0.5448732996856945,-65974675.79652308,713540435.4021609,242.03078219915247,244.33908872150124,247.09277601871787,248.38804199359055,248.8950310984892,248.9680936797745,248.4041027574167,247.212145601099,244.8595027515007,243.93271949866195,243.16313800698742,242.515084025373,241.9555957050778,239.80475704140835,236.21709513613973,235.13131176707697,232.85975895466368,3.153612777444721,27.75520660098461,45.80737349593395,44.41586762790835,266.7031329683275,233.2848614164381
2024-01-04,239.25,242.6999969482422,237.72999572753906,237.92999267578125,102629300,-207204400,37824459.73642914,4571366.170984253,-79580111.25276557,21.296415932209047,27.04210935314589,14.389769392401897,-0.9195183504546934,-94369524.64431986,619170910.757841,239.296922516905,241.13454069864125,244.03851490440567,245.7735296641382,246.70202341394761,246.961166224503,247.09483899721226,246.32813103678302,244.41243758532528,243.59923467516856,242.90786262497735,242.31573222756467,241.7977289196152,239.75542113704975,236.24324624361518,235.16838038838432,232.91020904144096,2.046216269867358,5.588287011438002,29.365239703418144,44.05305870865662,258.8264060265403,231.75758445197528
2024-01-05,236.86000061035156,240.1199951171875,234.89999389648438,237.49000549316406,92379400,-299583800,-23522496.589926045,-24396184.934627607,-93781996.26267825,21.48589357496466,29.896761417388586,14.233716330097069,-0.007658624136943215,-707499.102596332,618463411.6552447,238.09231116774438,239.31227309590264,241.8556784339918,243.70264862139467,244.85961982979092,245.23913700062317,245.89423480920624,245.4864047945336,243.96582906325037,243.25983305394607,242.64357691123035,242.10591802172118,241.62879858916614,239.69580493589487,236.26228073597468,235.19913038977214,232.95577915538846,1.1201805269142824,8.567683279543134,13.970392297321915,43.72758709649092,253.66901739630532,230.63897820916344
2024-01-08,236.13999938964844,241.25,235.3000030517578,240.4499969482422,85166600,-214417200,-58230624.4875924,-42493646.28137355,-101569066.72820853,20.971325422032844,27.7300203040914,14.373622998785246,0.7310912732504314,62264558.0324102,680727969.6876549,239.66410168807624,239.8811350220724,241.38711793874194,242.88948570310654,243.9776952534812,244.3683842638266,245.21370507658574,245.00674690441062,243.73900118486276,243.10373104807363,242.53657301059678,242.03392145330906,241.5825710738358,239.71565209411455,236.32621533463526,235.26867829120883,233.03034848666064,0.6180130321064041,18.359249205261175,10.838406498747437,46.586639185459276,249.63561981104948,231.4603762827005
2024-01-09,238.11000061035156,238.9600067138672,232.0399932861328,234.9600067138672,96705700,-311122900,-104211038.22245999,-68077668.44409026,-115095419.11705622,19.289754044639718,28.486004715582176,14.365607841632162,-0.15606712090141342,-15092580.173755815,665635389.5138991,236.52803837193687,237.4205708679698,239.24474753045035,240.9071159557967,242.17415754555842,242.657770163834,243.93199278124592,244.04991450531125,243.17261444479854,242.6513019183955,242.1669844107563,241.72635994289854,241.32286266756253,239.59050353147646,236.30535718775332,235.26458992594604,233.04954906603584,-0.22041386180552536,8.824455740074066,11.917129408292793,42.29447822858762,241.80667774203314,233.90532176968563
2024-01-10,235.10000610351562,235.5,231.2899932861328,233.94000244140625,91628500,-402751400,-158491104.00535122,-99951676.96623397,-133662537.50800619,18.253537340545826,27.65431772064439,14.720874302633586,0.2589097050817848,23723507.91208632,689358897.4259855,234.80268108491646,235.68028665468802,237.47649916743566,239.1653375771991,240.527326524728,241.07272148702893,242.68299398876596,243.0870657373203,242.57696205748292,242.16734083634051,241.76566821712944,241.38782266022497,241.03333873712504,239.44180613436936,236.26924490154954,235.2470457208528,233.0584092986266,-0.9561570527099832,7.830993638115215,11.671566194483487,41.52891631476613,242.10395704482482,231.80404466415956
2024-01-11,230.57000732421875,230.92999267578125,225.3699951171875,227.22000122070312,105873600,-508625000,-222151812.3729629,-138873299.14840865,-157864233.68447283,17.651295842375003,32.48393774253168,15.178768691971984,-0.3345298863823481,-35417883.37889017,653941014.0470953,229.7475611754409,231.45014393769557,234.05766651852483,236.1790034880751,237.86586146392304,238.55404507496968,240.7501198927581,241.5759167357377,241.5861903905939,241.3369330799162,241.05612348559643,240.77183042372403,240.49163922667714,239.12017968927287,236.13108850947555,235.14072725065216,233.00031568591095,-2.0577661224181725,4.652931713097994,7.102793697095758,36.80255747133497,244.6801054310068,224.94389969594633
2024-01-12,220.0800018310547,225.33999633789062,217.14999389648438,218.88999938964844,122889000,-631514000,-296581301.03715765,-185791846.48695558,-188434772.78582507,16.01594956695206,37.265077501701384,16.260858482017063,-0.5750903603234341,-70672279.28978649,583268734.7573088,222.50918665157926,225.170071663672,229.00177747556606,231.85675246346844,234.07068904906814,234.9787640412749,238.0176048298694,239.4153531789673,240.12192000343614,240.08988120823466,239.9748491394526,239.82044646572075,239.6445160958133,238.5878065234933,235.8678657748217,234.9254858220296,232.8599145287342,-3.561901395778875,3.626521664740502,5.370149005317903,31.948673867134346,247.66082429945848,214.5231783860884
2024-01-16,215.10000610351562,223.49000549316406,212.17999267578125,219.91000366210938,115355000,-516159000,-336504519.03247905,-217255618.72453055,-209586355.32398346,14.268719291539353,37.71907997783789,17.97546286731103,0.3669323123042904,42327476.88586142,625596211.6431702,220.77639799193267,222.54003766289068,225.97118620441384,228.87006526312868,231.2385519716764,232.23898942688115,235.7541546838994,237.55770084402846,238.81792540076992,238.96877690011658,238.99607618933828,238.95477503947677,238.87061364743275,238.09628539556215,235.62423429218487,234.72660526362006,232.73105969424043,-4.618395626440332,14.59869538104026,7.626049586292919,33.11199910967916,242.0708386596503,211.89716671144345
2024-01-17,214.86000061035156,215.6699981689453,212.00999450683594,215.5500030517578,103164400,-619323400,-387926133.7560357,-255548045.82125866,-236030458.09517786,12.95836208288897,34.406363605169744,19.915164285830173,0.934428963320576,96399803.34358923,721996014.9867594,217.29213469848276,219.04502035732423,222.49745848686183,225.54004971028596,228.1008421876927,229.2046282677678,233.22863572988172,235.46172962571697,237.3167691201885,237.6677339085411,237.85236530457826,237.93717625740203,237.95607989858274,237.50296217598836,235.3177574793539,234.47261053233711,232.56010390675306,-5.741308298850555,6.664171410860337,8.296462818880366,30.696418634494478,237.91357440990987,208.29042949634015
2024-01-18,216.8800048828125,217.4499969482422,208.74000549316406,211.8800048828125,108595400,-727918800,-449742982.1661824,-300536010.3565384,-267775807.6813648,13.380074544049311,34.25345320826943,21.720368540373514,-0.27898909985319315,-30296932.89419745,691699082.092562,213.6840481547026,215.46251262006837,218.95830728551206,222.12503850341758,224.85667472671668,226.05469674323044,230.56005687399806,233.21585107877368,235.67568755648682,236.2350822960006,236.5854208937604,236.80425576285467,236.93348872149372,236.82867382616794,234.95992919543724,234.17337072240966,232.35433177716163,-6.848418556536842,5.56836216285693,8.943742984919176,28.792372191136238,230.11475381059032,207.26525107222218
2024-01-19,209.99000549316406,213.19000244140625,207.55999755859375,212.19000244140625,102095800,-625823000,-481757530.86415255,-331515894.15844935,-290882856.52359873,13.207877746480282,34.90892591707645,23.30607002098801,0.6447605212376141,65827341.2241712,757526423.3167331,212.6880176791717,213.8262575307373,216.70220567081014,219.64127948791474,222.3233402696546,223.53384323380786,228.2638000699241,231.2133893037863,234.1604820651913,234.89924452630092,235.39540048145045,235.73407083583518,235.96315592619618,236.18028773709528,234.61229672591006,233.88220028160168,232.15369168426855,-7.613038827183402,9.720773479247024,7.317769017654764,29.191902621142816,223.0889937059151,208.27901166517867
2024-01-22,212.25999450683594,217.8000030517578,206.27000427246094,208.8000030517578,117952500,-743775500,-529397161.6172357,-370778909.27242017,-320110291.74371886,15.987388551254341,32.476243652283316,24.806817341696274,-0.5611450048304064,-66188456.18225851,691337967.1344746,210.09600792756243,211.31313029124755,214.06813813112603,216.9309603788755,219.61867282607525,220.85496320070783,225.8308254426533,229.0787810893074,232.52432212884077,233.44928666660408,234.09806402146543,234.56302441044053,234.89793424484566,235.4597539295864,234.21821590645735,233.5499857487561,231.9213166729998,-8.395769317295162,5.6247199190992365,6.971285187067731,27.382549804752145,222.12669623140326,205.20531060453422
2024-01-23,211.3000030517578,215.64999389648438,207.75,209.13999938964844,106605900,-637169600,-548992150.4144758,-396149565.5478271,-340571333.63156587,14.705396762793576,29.87204863013808,25.46533131646001,-0.6481011484662008,-69091406.22327296,622246560.9112017,209.45866890228643,210.226564840448,212.4254252173002,214.98322013156874,217.5229381387899,218.7249697805152,223.74447218602768,227.1798494988637,231.01565614566707,232.0987707067732,232.8805974540597,233.45767549649307,233.88781915248498,234.76712881011437,233.83534237184958,233.226674671152,231.6946368990361,-8.886219203479243,7.2824053836709615,7.542632927339074,27.86545674607123,216.97843630889784,206.04556881805527
2024-01-24,211.8800048828125,212.72999572753906,206.77000427246094,207.8300018310547,123369900,-760539500,-587455304.8851715,-430853510.28871304,-367672996.25070244,14.443319962874806,30.261344052060966,26.083722391048767,-0.6442956112997128,-79486685.13648444,542759875.7747173,208.37289085479858,209.02828333575133,210.89361742188504,213.19491555644024,215.58435087724288,216.74406651697691,221.75516339165605,225.33700686383426,229.51980748020821,230.75050576923326,231.65861717976676,232.34342881538706,232.86594396340928,234.05825704750754,233.4383142719901,232.8902948984355,231.45717784363333,-9.273708586748,4.282179171644029,5.729768158138076,27.117204047345766,213.86850171989283,206.06750291877904
2024-01-25,189.6999969482422,193.0,180.05999755859375,182.6300048828125,198076800,-958616300,-654939122.1796386,-481116818.48831534,-405807508.7924769,11.043705581575972,43.823635024151685,26.87248390733332,-0.602781014013556,-119396934.35656033,423362941.418157,191.21096687347452,195.8291441092819,201.4724132421942,205.5536878880333,208.99348167835683,210.54150985621973,216.86451857805062,221.2696733418322,226.49465892553755,228.07714460887655,229.26697755552507,230.1819756009273,230.89590713671922,232.70488199054188,232.66261489200264,232.2245956929306,230.97133532661024,-11.48187001296651,4.200044487136136,5.25487634748371,17.424325276663055,228.36283157446508,179.8731730642068
2024-01-26,185.5,186.77999877929688,182.10000610351562,183.25,107343200,-851273100,-690636209.056441,-516369915.3103812,-434553668.3336574,10.297855904350865,40.8639541637597,29.22103105036659,-0.508548847763997,-54589260.675300285,368773680.7428567,185.9036556244915,189.53957205464096,195.39827549479614,199.97776591602496,203.84478534268547,205.57941715508886,212.6627037557943,217.64875207118152,223.7046809303416,225.58674768616117,227.02224694306042,228.1414549226261,229.0274401901812,231.40343772763288,231.90822382494915,231.5759255513024,230.49649616913155,-13.031605194952192,5.213273924054674,4.565165860944947,18.199034569902125,226.448026871547,170.21197679056237
2024-01-29,185.6300048828125,191.47999572753906,183.6699981689453,190.92999267578125,125013100,-726260000,-697113261.9553252,-536359507.5332972,-453377379.10987824,12.987040053629556,37.2838241423843,31.34350530135039,0.8591541040489532,107405517.92488219,476179198.66773885,189.254546992018,190.23478236521112,193.90884788845784,197.71582260596404,201.26182680930464,202.91588543157837,209.94611487079266,215.10410831923863,221.59018491391836,223.66137240780674,225.26164917392484,226.52356525971982,227.5334226405969,230.33834706837362,231.2826019753435,231.0375688244743,230.10279961695892,-13.484627871147012,18.454997330359987,9.289438580516933,27.297966445714707,220.67693893535008,168.83506057636865
2024-01-30,195.3300018310547,196.36000061035156,190.61000061035156,191.58999633789062,109982300,-616277700,-682415887.0542542,-543970784.748422,-463889139.39186954,16.11576954759927,35.33869930958761,32.50121596000616,-0.6591319208559783,-72492844.65915845,403686354.0085804,190.81151322259976,190.91238935155087,193.1358973716021,196.18436603894568,199.32746071502183,200.85663286908968,207.6516000541799,212.8646690829198,219.6546888767553,221.8796292928114,223.61912952338656,225.0047144370316,226.12387651107903,229.31865362809776,230.67660799614575,230.5150844206785,229.71958764403288,-13.633239329636837,20.797255179565994,14.821842144660218,28.03876616314615,211.57869937693948,170.91329891407617
2024-01-31,187.0,193.97000122070312,185.85000610351562,187.2899932861328,103221400,-719499100,-689158289.4080647,-560687808.4661181,-480383131.5686102,14.52172492248077,35.446056226730136,32.871325340733236,-0.6453231407567762,-66611158.0413115,337075195.9672689,188.46383326495513,189.10119131884184,191.1872626764457,193.96077285074247,196.91996722924404,198.38997112673388,205.10639920817403,210.428985673702,217.56664399994096,219.9579828479959,221.84697653620344,223.36494395220993,224.6009791297086,228.21263625067763,230.01421693187075,229.94256665730705,229.29740262554634,-13.937328444210522,14.212692002198082,17.82164817070802,26.16795024484381,195.48432272262102,178.79167215042588
2024-02-01,188.5,189.8800048828125,184.27999877929688,188.86000061035156,91843300,-627655800,-677976018.606546,-567065726.6823573,-489886225.5385655,13.794455724338686,34.88650389452009,33.522016714689585,0.6357131568765293,58385994.180958144,395461190.14822704,188.72794482855275,188.98059596459672,190.41150865441432,192.68557979064474,195.30797390546556,196.65724921466435,203.07559938344622,208.37479662004955,215.71460249093522,218.23031716812676,220.2378557593326,221.86472902430305,223.1993721289495,227.1770405759322,229.38590828574067,229.39842670966527,228.89504041643994,-13.891502198207093,19.434636238951025,18.148194473571703,28.055453186299175,195.05796650215234,181.71002666191015
2024-02-02,185.0399932861328,188.69000244140625,182.0,187.91000366210938,110505100,-738160900,-688918724.3144888,-583360538.0578306,-505906519.39172417,13.135529571989563,35.03042385777954,34.233369717641274,0.7668165935279038,84737144.34946036,480198334.4976874,188.1826507175905,188.44529981335305,189.57767365697936,191.4916857585109,193.82837985679433,195.0668409323816,201.17989991827912,206.42576871929336,213.92075740520454,216.54585530668135,218.66088736434608,220.38843661725116,221.81547532632834,226.14369749925268,228.75268836782263,228.84891117261157,228.48722910545158,-13.773073959195756,18.075074071692754,17.24080077094729,27.595736866115004,193.06639676682272,185.5655978620835
2024-02-05,184.25999450683594,184.67999267578125,175.00999450683594,181.05999755859375,134294400,-872455300,-722289010.8028681,-610893422.9226651,-529558381.32749015,12.04516195669221,37.60355351835333,35.0659252613316,0.2512935258223889,33747313.27420222,513945647.7718896,183.43421527825933,184.75264868597338,186.73844829085084,188.8837637085316,191.2747033971542,192.52014213714745,198.66491212331846,204.0099809897029,211.80070838284257,214.57441876512092,216.826697617724,218.67850448426606,220.2172212962211,224.95728434291956,228.02455568371226,228.21594542937956,228.01531635374155,-14.069769427382454,14.13882178921836,17.216177366620713,24.4807845883669,195.09691197667547,179.58708460535576
2024-02-06,177.2100067138672,186.49000549316406,177.11000061035156,185.10000610351562,122676000,-749779300,-727287245.2023594,-624120671.2154267,-543768179.7082508,12.459416346920579,34.516893898327226,36.21533726556593,0.703625017894093,86317902.69517575,600263550.4670653,184.54474249509687,184.9263273947445,186.19230089507244,187.9378243072776,190.03976393842652,191.17102649466892,196.9692988708431,202.2090310005422,210.07808242933763,212.93695139503174,215.279054129226,217.2185697720595,218.84007560238953,223.90840859977737,227.3692190489001,227.6448733853284,227.5882983413015,-13.819604005114627,23.58029815789117,18.598064672934093,29.53288422521669,192.26458970062583,179.8234107876554
2024-02-07,188.17999267578125,189.7899932861328,182.67999267578125,187.5800018310547,111535200,-638244100,-711097582.4382601,-625465761.6864413,-549864201.8865492,14.304672993438693,32.45373452049349,36.940987605434906,0.378342822682585,42198542.39646666,642462092.863532,186.56824871906875,186.25316461289958,186.6548678737332,187.84836868822185,189.54781151695215,190.51811291946632,195.79563674086955,200.81579012725769,208.62659335848068,211.52823197481078,213.92788084638838,215.92993638332018,217.61419035645483,222.9523978953373,226.76175008374216,227.11421283494067,227.190205838712,-13.268282673162474,29.37603368557986,22.365051210896464,32.51730588127458,192.3857678947574,179.81823601149262
2024-02-08,189.0,191.6199951171875,185.5800018310547,189.55999755859375,83034000,-555210100,-682754403.8130732,-618774737.2173845,-550209140.9661398,14.671918949627432,30.038844385810687,37.052148964033634,0.31788084489322627,26394918.07486415,668857010.9383961,188.56274794541875,187.90658108574667,187.6232444353534,188.27627590581483,189.55024872528048,190.3439101265804,195.01618184308506,199.74380988262303,207.39649040364927,210.30777450724315,212.7392036128374,214.78341730398427,216.5140259330093,222.0736505180546,226.1937843963353,226.6168060100884,226.8157759055765,-12.52718188298988,34.00327213415465,28.98653465920856,34.888301307533325,192.8555399022654,179.6284627832815
2024-02-09,190.17999267578125,194.1199951171875,189.47999572753906,193.57000732421875,84476300,-470733800,-644205203.119733,-604675583.0470017,-545081109.5645535,16.467269486266066,29.48219761699305,36.82967152339031,0.7629362649504912,64450032.79883718,733307043.7372333,191.90092086461874,190.7382942049827,189.60549873164186,189.5997087604158,190.35420044506816,190.9304732534237,194.83541002822676,199.15582868658453,206.5044592372344,209.37789855263068,211.80412086705113,213.86109513095099,215.61426049737045,221.3235546445326,225.69571146393656,226.1791000672292,226.4849722381003,-11.483900634366194,45.66932356330276,36.34954312767909,39.52273137034618,196.76810681772704,177.97989733266357
2024-02-12,192.11000061035156,194.72999572753906,187.27999877929688,188.1300048828125,95498600,-566232400,-630028329.8252198,-601014323.4558687,-546445855.8487647,15.85438208923885,29.304432603080404,36.22953498754024,-0.7718103485354628,-73706807.75064875,659600235.9865845,189.38697687674792,189.4341495438976,189.11366744869875,189.232282791015,189.90936133261704,190.42129718603985,193.99723438504998,198.10575022908242,205.3190105692072,208.19746001541856,210.6492859409907,212.7423520766841,214.53644655170152,220.45004017711892,225.1221892260568,225.6751385416078,226.10333077187855,-10.969604686931405,34.78263507789992,38.15174359178578,35.80002343064258,195.02956507624262,182.5464420038355
2024-02-13,183.99000549316406,187.25999450683594,182.11000061035156,184.02000427246094,86759500,-652991900,-634203524.4024564,-605964573.8110816,-553320486.4253035,14.714553173018095,31.48647326444,35.80234389981664,-0.2582501259221949,-22405651.799946666,637194584.1866379,185.8089951405566,186.72707690817927,187.41577972328616,187.92921316137648,188.73148992058583,189.25742574720732,192.75008062097635,196.7642506141661,203.94488113070744,206.8542680296987,209.35029659130632,211.4935543460657,213.33972332506463,219.4913550217332,224.49467495195609,225.12341490890387,225.68459120472016,-10.769519823106776,42.201438828354036,40.88446582318557,33.25170655993638,195.48982808799167,181.6541782596646
2024-02-14,185.3000030517578,188.88999938964844,183.35000610351562,188.7100067138672,81203000,-571788900,-622855410.8747283,-602709744.7772074,-554512109.228179,18.410685122926726,35.847883340247705,35.81678950884677,0.935020615915983,75926479.07422556,713121063.2608634,187.743002856097,187.71854181102321,187.8471887201465,188.12441154949914,188.7271932792421,189.15789501387275,192.2450713825877,195.99717976651857,202.96198600704034,205.8462535121525,208.34345318265073,210.50296531857882,212.37385208540982,218.68131953994725,223.94834413916084,224.64111811161862,225.31668489137834,-10.115897358139307,64.16865709830088,47.050910334851615,38.62087100463813,195.62705222819656,181.9689560725847
2024-02-15,189.16000366210938,200.8800048828125,188.86000061035156,200.4499969482422,120831800,-450957100,-591601172.533849,-588257100.0630947,-547830552.101108,27.21745933587341,30.930920317533587,35.42254588218232,0.9284512842386413,112186439.88686666,825307503.1477301,196.21433225086048,194.0842693796327,192.0481247961784,191.2058078991849,191.07175401304212,191.21100445648537,193.27068707829451,196.4212575933494,202.7999221967953,205.54646148082412,207.95840653706983,210.06587973725985,211.90624992316796,218.20154789279712,223.58959074693306,224.32070591077922,225.06925516060087,-8.551995666227327,98.33781305720068,68.2359696612852,49.558721338099225,203.5500162167475,178.40199183989313
2024-02-16,202.05999755859375,203.1699981689453,197.39999389648438,199.9499969482422,111173600,-562130700,-586242904.8004192,-585768869.6354184,-548753218.3493918,28.090696904724403,29.405144251769432,33.32743007384765,-0.11611744763224495,-12909194.676088147,812398308.471642,198.70477538244828,197.01713316393744,194.68208218019967,193.3918551614492,192.84740260008215,192.79991218225933,194.10560081203798,196.7573280081011,202.61605605172738,205.23554678456955,207.56775241078554,209.626058746433,211.4373772574846,217.721243920572,223.2286809179454,223.99791506359333,224.81931229281622,-7.269143962692539,88.56533806124538,83.69060273891564,49.156946160173874,207.21089980095664,177.29310410529334
2024-02-20,196.1300048828125,198.60000610351562,189.1300048828125,193.75999450683594,104545800,-666676500,-600867194.8367127,-593474363.4256521,-556361758.7589045,24.864399414363263,33.65583363757757,31.1750164843486,-0.022177607770219102,-2318575.746423772,810079732.7252183,195.4082547987067,195.3885638353867,194.37471962241176,193.48388999779587,193.02992098143292,192.9744726049096,194.06240002388773,196.47186767464729,202.04469724237956,204.59801610247322,206.8942032447392,208.9362298664505,210.74414656138075,217.0906847254737,222.7787773086155,223.59741280456345,224.51026435464726,-6.675010840289531,66.58379815919207,84.49564975921271,44.36204093908228,207.61571211982175,179.1402876360376
2024-02-21,193.36000061035156,199.44000244140625,191.9499969482422,194.77000427246094,103844000,-562832500,-593951795.7754898,-590556088.9420832,-556779256.0550684,24.002575724229345,31.434435047169906,30.01296201205394,-0.24699459118087458,-25648906.32658674,784430826.3986316,194.98275444787618,195.0792840539238,194.50648117242815,193.80541856646215,193.37793763963853,193.30093290810075,194.1508505549594,196.30978544586765,201.57536221206223,204.0520154452503,206.30277890462807,208.32030701453792,210.1177096088741,216.50329839776285,222.3511624531017,223.2155928240058,224.21434136875487,-6.0528828475274565,70.17048009909541,75.10653877317763,45.299613658010905,205.22158251621906,185.83441723964032
2024-02-22,194.0,198.32000732421875,191.36000061035156,197.41000366210938,92739500,-470093000,-571432014.7253944,-579083407.4863724,-551186216.9100038,22.0103556702743,29.365919371377032,28.83131811679414,0.738504947043722,68488579.53636126,852919405.9349928,196.6009205906983,196.2446438580166,195.4743220023219,194.70656484037397,194.18435084413272,194.04803668155685,194.55824469335315,196.41456813312877,201.30662940238787,203.68301479063135,205.86898499035885,207.84594599921493,209.61936819919705,216.0008432731404,221.97038140285753,222.8737969410668,223.94763154082807,-5.285883667157577,79.54547671246831,72.09991832358527,47.77680822991938,203.25836340041045,191.2776351347458
2024-02-23,195.30999755859375,197.57000732421875,191.5,191.97000122070312,78841900,-548934900,-567341630.2298672,-576212119.6283903,-551040961.4871731,20.587154258992673,27.467103263222537,27.79452120004084,-0.8451398175986164,-66632428.98512836,786286976.9498644,193.51364101070152,194.10732253935987,194.30621507511566,194.02242393545626,193.74148091944681,193.67021205231072,194.2347142592719,195.9912760462311,200.7042662938921,203.03229181452423,205.19098578208295,207.155687530584,208.92723616082475,215.3684526928131,221.51236033137425,222.4644751434461,223.62944616450844,-5.058680701599229,60.22728873678267,69.9810818494488,43.41387808227382,201.8526108408657,189.2913894032749
2024-02-26,192.2899932861328,201.77999877929688,192.0,199.39999389648438,111747100,-437187800,-543677297.460796,-562971702.2660893,-543695162.3800973,23.677063219262003,26.25378212007098,26.785070576380207,0.5132913742585132,57358822.528403506,843645799.4782679,197.4378762678901,196.75365821792212,196.00414134890525,195.3668164257133,194.87318351485433,194.7119905694332,194.88037421392346,196.3159158414933,200.62011968760774,202.83049748574422,204.90849837302935,206.8184834595362,208.55361881712514,214.9482300929097,221.1747669506889,222.15898532560556,223.38835708721467,-4.230317928787798,85.53336674731302,75.10204406552134,50.11442270367768,201.36727261773515,189.55672640570234
2024-02-27,204.0399932861328,205.60000610351562,198.25999450683594,199.72999572753906,108645400,-328542400,-504561861.558827,-540645092.9434716,-529813572.0350725,26.120841429011378,24.86023285520155,25.226668440630224,-0.5994553410874469,-65128065.3145821,778517734.1636858,198.96595590765608,198.2418269727306,197.24609280844987,196.45761125116974,195.8445459573913,195.62435514363426,195.4865769031254,196.641066306831,200.56269233534525,202.65824738806614,204.65588848788346,206.51028834075373,208.20759438223942,214.54775024118945,220.84736586331258,221.8619126156974,223.1529505065214,-3.506782072640135,75.01060449864593,73.59041999424721,50.395376546936255,203.21824313775338,190.09375637396536
2024-02-28,200.4199981689453,205.3000030517578,198.44000244140625,202.0399932861328,99806200,-228736200,-454411741.27539754,-510939473.12905246,-510388221.43331236,24.31391525511349,23.14051009828575,23.60130581275967,0.049559919657811674,4946387.2533514835,783464121.4170372,201.0153141599739,200.1409101294317,198.8440596343442,197.8532067599105,197.0836354231396,196.7908348059067,196.30575395100135,197.15524982866927,200.65800207410575,202.62389993795873,204.52828384389562,206.31592768620501,207.9657276725882,214.21859874237217,220.56023040411898,221.59937063782237,222.94287133019913,-2.7156726128914386,84.84456370851497,81.79617831815797,52.41562239434347,205.72070695536203,190.4992881618255
2024-02-29,204.17999267578125,205.27999877929688,198.4499969482422,201.8800048828125,85907000,-314643200,-428999279.22532266,-492244583.7317499,-497758899.7273586,22.405295416233955,21.324001477935443,22.0920514130301,0.004394440708561675,377513.2179504078,783841634.6349877,201.59177464186632,201.0104575061221,199.85604138383366,198.859906290636,198.0429093150742,197.71613845625322,197.00253531747774,197.60522650049242,200.73684096499008,202.58257243489504,204.3990995043306,206.12306147736186,207.72707187691074,213.8938989039627,220.27503612135095,221.33818698543814,222.73329056952863,-2.077672280727654,84.16347232534407,81.33954684416831,52.25688208362998,207.22894030155993,190.77905530390882
2024-03-01,200.52000427246094,204.52000427246094,198.5,202.63999938964844,82099200,-232544000,-393280137.54798824,-467511187.33304,-480647487.05217624,20.53184498945548,19.54096497128366,20.690610295279036,0.3754141034707384,30821197.563664846,814662832.1986525,202.29059114038773,201.82522844788525,200.78402738577194,199.8049295653891,198.96232732998908,198.6113858986887,197.70721832649906,198.08472868041204,200.85962537948419,202.58576282127024,204.31328974263877,205.97162399528736,207.5275788381946,213.59774365358604,220.0057989193402,221.09052887158663,222.5333573239577,-1.493510951213807,87.39886751099912,85.46896784828606,52.985277143718875,204.07454414106297,198.20145073198393
2024-03-04,198.72999572753906,199.75,186.72000122070312,188.13999938964844,134334900,-366878900,-388479912.5392628,-457927157.3484282,-473307267.6176056,17.64400985107553,27.16054234138084,19.4850360020876,-0.7820417034571758,-105055494.02974936,709607338.1689031,192.85686330656154,194.98261391876684,196.56935138706413,196.88869702145394,196.79786174192097,196.70749744249954,196.51131595939273,197.13761160510123,200.0390043478819,201.78322040840234,203.52434874980997,205.19633596895522,206.76728160491828,212.92780301506136,219.5192981631617,220.65409801752122,222.19113485694965,-2.175509784771748,25.670486884524966,65.74427557362272,40.33986725315529,211.10046161015572,186.6715354601568
2024-03-05,183.0500030517578,184.58999633789062,177.57000732421875,180.74000549316406,119660800,-486539700,-406308964.8048524,-460652162.08436143,-474161006.7268941,15.752872029922369,31.992576934163015,19.675573070740043,-0.09686520512452669,-11590967.937364964,698016370.2315382,184.7789580976299,187.86130970596545,191.29290275576412,192.85152413938147,193.58629049216958,193.8043170880749,194.53990215111415,195.57593483253578,198.79390764757753,200.61415291311133,202.412917371437,204.1330172526165,205.7466041103397,212.08075571185353,218.92724789339073,220.12543454037743,221.77868580855377,-3.2753601243469745,11.309305412052648,41.45955326919225,35.66215667647856,215.22835536622398,174.9476456103385
2024-03-06,179.99000549316406,181.5800018310547,173.6999969482422,176.5399932861328,107920900,-594460600,-440518353.0221536,-473395825.6895333,-481922558.21981764,14.343619023073828,32.341919690509556,20.722875648725605,-0.27918919337598563,-30130349.01941041,667886021.2121278,179.28631488996518,182.20065149604915,186.37526626588703,188.7736414260693,190.17703105096223,190.66534912408542,192.28991354299148,193.76298801859264,197.35817123716174,199.27669960050142,201.15082351361727,202.93332055842157,204.6012468231159,211.14547249012404,218.28011423526465,219.54814392773844,221.3285495645496,-4.434783898371705,8.902807281549451,15.294199859375688,33.30183638617406,213.88951219610095,166.08648878046154
2024-03-07,174.35000610351562,180.0399932861328,173.6999969482422,178.64999389648438,102129000,-492331600,-449938943.3817624,-475199233.13179135,-482594132.5664387,13.996165362248087,31.558482931869865,21.996438307849644,0.5615141348454145,57346877.07762733,725232898.2897551,178.8621008943113,180.42532269626676,183.80017547608617,186.24272954367308,187.87162362006666,188.4807390827034,190.58492358717808,192.32365524505852,196.15119205389226,198.1307715058338,200.05322206887908,201.877523747033,203.58355062991467,210.2903283166072,217.67507423009243,219.00644657633111,220.90388731909624,-5.124306363253396,15.517227359240103,11.909780017614068,35.60759937689323,206.56665858959602,164.1173379924352
2024-03-08,181.5,182.72999572753906,174.6999969482422,175.33999633789062,85315300,-577646900,-473158571.85780627,-484956155.57293016,-488726767.9100155,15.04561006107011,28.73794319322689,23.14188576181886,-0.840597886191839,-71715860.83982259,653517037.4499326,176.51403119003086,177.8826595170787,180.98011576335432,183.51704624222748,185.36529816363145,186.09151312910106,188.67930768101715,190.70616392056633,194.80853426576314,196.86461732983693,198.84769886248938,200.72371820750507,202.47596026552156,209.37058273821992,217.0287371630359,218.42808299701403,220.45051526953202,-5.8701792522279845,5.141062441912581,9.853699027567378,33.642780827354045,189.99374196772712,169.770253393601
2024-03-11,175.4499969482422,182.8699951171875,174.8000030517578,177.77000427246094,85391500,-492255400,-476630722.4291143,-485651321.82403845,-488954428.4948641,14.429972795599266,27.32786292500436,23.720712854027415,-0.26393949420940677,-22538189.31978256,630978848.13015,177.3513465783176,177.82633189476982,179.9100785997232,182.08028574978584,183.84623938539735,184.57851151880286,187.3156447549476,189.47414871598485,193.70927426619528,195.80380549331605,197.81951863858555,199.72573064511187,201.50709924618585,208.5389885680684,216.42936719524087,217.88956539801333,220.02583356806863,-6.193809181832336,12.758639987869506,11.138976596340731,36.416661553756285,181.93182415202608,173.68417316242704
2024-03-12,177.77000427246094,179.42999267578125,172.41000366210938,177.5399932861328,87391700,-579647100,-495360972.89654845,-494603302.04010236,-494805734.5325297,13.45463111121184,27.58240778570571,24.250687828778638,0.4615377927322839,40334572.32112194,671313420.4512719,177.4771110501944,177.68316259045133,179.12005016185975,180.9452126338726,182.58499016554447,183.29878093104466,186.09368832134575,188.33756248457038,192.66609484812673,194.78914925958364,196.83027349944152,198.76113336863452,200.56721273794847,207.72322553433324,215.83563629586516,217.35513397931294,219.6030888886464,-6.3951291292142685,15.456430390687496,11.118710940156527,36.26214370545101,179.70434869122266,174.63164374041799
2024-03-13,173.0500030517578,176.0500030517578,169.14999389648438,169.47999572753906,106524500,-686171600,-530053814.1880857,-512847904.3206905,-507152246.95346236,12.338425764109449,28.125276050381842,25.0009848166241,-0.9043474222632071,-96335156.982877,574978263.4683949,172.14570083509085,173.5815791589952,175.90669868375286,178.0789084072892,179.9639912779434,180.78627453040727,184.0169767471199,186.5416037458055,191.17021748550818,193.38308517447004,195.4961136081292,197.48804042771732,199.34810618852066,206.71682474994392,215.12791659253193,216.72102618789873,219.10435164326225,-7.122942236490047,0.9053545145069383,9.70680829768798,31.257195928669134,183.18400684155603,168.3279865666471
2024-03-14,167.77000427246094,171.1699981689453,160.50999450683594,162.5,126325700,-812497300,-581407175.2447981,-541385945.5069399,-526852416.7202539,11.017916973387889,32.33088723023367,26.05379021453082,-0.6266407486823912,-79160831.22582714,495817432.2425677,165.71523361169696,168.04078957949758,171.43779912250193,174.1841813054669,176.47119302235473,177.46149734306047,181.3273546537299,184.25192719858592,189.32052603483024,191.6673582203328,193.8865470906595,195.96682127868615,197.90308241642182,205.5532240986296,214.32443694989786,216.0028669006418,218.5411242637273,-8.16880182602273,4.413406478943114,6.925063794712517,27.69256777544669,185.5780898222923,159.4739060273171
2024-03-15,163.16000366210938,165.17999267578125,160.75999450683594,163.57000732421875,96971900,-715525400,-605792307.0184714,-557970657.3002667,-539025149.8704352,10.71316123724835,31.436614441493965,27.704711374270623,0.27149953912914393,26327826.158477433,522145258.40104514,164.28508275337816,165.80539845185817,168.81520185640755,171.53063781015487,173.89095588272755,174.93577188508925,179.10768623754103,182.28222054388428,187.65920224704885,190.1063942816598,192.40769149229652,194.55826415023105,196.5566873147668,204.44840260456618,213.54956016171954,215.3083919393647,217.99414797577202,-8.809759019012091,6.78645382652362,4.03507160665789,29.028741723473942,184.83289215471973,155.51110808942087
2024-03-18,170.02000427246094,174.72000122070312,165.89999389648438,173.8000030517578,108214400,-607311000,-606068433.0151129,-562669738.0294867,-543430784.2755754,17.701030775846913,28.249879462522635,29.103980900324196,0.7913838083968251,85639123.99537739,607784382.3964225,170.62836295229795,169.802700751808,170.47680225485766,172.0979791205556,173.87276531653362,174.72926846084715,178.44422583931814,181.4743903065389,186.7650603634817,189.20048365777635,191.49999937324586,193.6557310589931,195.66426832406057,203.64186577422913,212.94269669439188,214.7586119540984,217.5544052402097,-8.395469308541834,29.67181515849174,13.623891821319491,40.37344550059436,182.30944648853728,156.4465532673221
2024-03-19,172.36000061035156,172.82000732421875,167.4199981689453,171.32000732421875,77271400,-684582400,-620343699.739638,-574280468.7963643,-552537525.1596543,16.50370534404699,26.339013391835163,28.66488744305875,0.44444538634340697,34342917.22629594,642127299.6227185,171.08945920024516,170.56135403801338,170.75787061131138,171.9034861714714,173.36221371807065,174.10940279964197,177.55369852493072,180.50730621298462,185.76860532869054,188.20712386146758,190.51560951719574,192.68461263574204,194.709591422106,202.79129055186044,212.30723578797702,214.18326619741126,217.09436147985159,-8.173042906141859,24.145659561690728,20.201309515568695,38.75607110675992,177.96446162171074,158.303543749383
2024-03-20,173.0,176.25,170.82000732421875,175.66000366210938,83846700,-600735700,-616778608.8778856,-576800014.8324937,-555647143.9318401,18.45916209756161,24.752113477794246,28.214333862794053,0.7826898218400494,65625958.68487607,707753258.3075945,174.13648884148796,173.1106788500614,172.39191496157738,172.8426155441309,173.8217717068784,174.39133022918148,177.31698666707806,180.0456583509965,185.1164374792337,187.5100616281699,189.7909458169476,191.94441224558412,193.96254876485125,202.07730931791963,211.74773606086453,213.67302430952648,216.68207931251087,-7.55942658208059,34.42400771087011,29.413827477017524,43.055305563070014,181.3628528378128,157.37715570710907
2024-03-21,176.38999938964844,178.17999267578125,171.8000030517578,172.82000732421875,73178000,-673913700,-627166807.2637247,-586048937.9176034,-563277379.9958383,18.74240964073916,22.91315963275635,27.216021059414857,-0.6802489243492881,-49779255.7860322,657974002.5215623,173.2588344966418,172.96534308714007,172.53461241579117,172.83696348915285,173.62141883034647,174.10563515555188,176.75486424922065,179.357501110351,184.3231194047166,186.6939475001726,188.9630951587657,191.1129163794378,193.1334294926696,201.3073803180854,211.15341959160276,213.1319247468072,216.2456407852642,-7.219078154775076,31.371078221503613,29.98024849802148,41.02576438171112,180.77389164830933,162.09411982630004
2024-03-22,166.69000244140625,171.1999969482422,166.3000030517578,170.8300018310547,75454700,-749368400,-649385278.6703203,-601603173.4487919,-575283451.9601712,18.929156525667537,28.270175593485597,26.03706777407314,0.8489813967103256,64059636.5943586,722033639.1159209,171.63961271958374,171.89767245909738,171.9664088875457,172.33522307462832,173.06313543048813,173.51006546018874,176.0142564469499,178.54535832184658,183.4525956902868,185.8126171852216,188.07855402082856,190.2310505295081,192.2587852706455,200.50534404211092,210.53779489296844,212.57163437706214,215.79374388024718,-7.028901584064187,42.85717001445403,36.217418648942584,39.616575203169624,176.7865577354099,168.98545154193383
2024-03-25,168.75999450683594,175.24000549316406,168.72999572753906,172.6300048828125,74228600,-675139800,-654067918.9120802,-608606662.1183528,-581725897.2433443,22.18421517168362,27.28380097708361,25.542507231153156,0.19815769735608477,14708968.453965874,736742607.5698868,172.29987416173626,172.26383867095495,172.18760755263463,172.40891852667437,172.976509320953,173.35005444612034,175.59122500143272,177.98199132765285,182.75436402528848,185.08024983508776,187.3249662579985,189.46578767530397,191.489029177005,199.77178248528728,209.9590500073172,212.0426061718403,215.36425393997422,-6.656211416739495,54.203980523889626,42.810742919949085,41.57154769178135,176.41640111757897,168.88760889218668
2024-03-26,178.5800018310547,184.25,177.3800048828125,177.6699981689453,113186200,-561953600,-637319860.9280655,-604163513.1003151,-580450246.5938714,28.30595685769424,24.448749315760306,24.43908387327415,-0.91557685815313,-103630665.3822918,633111942.187595,175.87995683320895,174.96691841995013,174.01507109140488,173.7241884372421,173.91520709055146,174.13549875936124,175.85107164737178,177.95227769349023,182.42634042165344,184.66856918696874,186.85399220487395,188.95292726198403,190.94710639237522,199.19015658222565,209.4660873838306,211.58733984067615,214.98918671837194,-5.8863126882694985,72.28306525476837,56.44807193103734,46.76832863752586,179.35451998659025,168.489486361066
2024-03-27,181.41000366210938,181.91000366210938,176.0,179.8300018310547,81804000,-480149600,-608743449.8502353,-592352663.6447144,-573979149.0156863,26.39022602305519,24.089978747743636,23.20162233682723,0.2961081075498686,24222827.63000945,657334769.8176044,178.5133201651061,177.39846012550242,175.95338133795482,175.25064178569525,175.09816603865212,175.17086295421458,176.34843792033215,178.13110856373447,182.25883470613095,184.39975988941796,186.51135852810228,188.5562783302045,190.51114150761757,198.6806788256159,209.01362806241417,211.16671284717125,214.63934408267724,-5.043727207866681,81.38164639339257,69.28956405735019,48.867353174060476,182.3664078173172,167.1455977979172
2024-03-28,177.4499969482422,179.57000732421875,175.3000030517578,175.7899932861328,77654800,-557804400,-599481804.4229199,-589062352.6729738,-572935603.5273983,25.337984605182633,23.809131192275697,21.86245329959688,-0.7704966069775835,-59832759.91552285,597502009.9020816,176.69776891245726,176.59422670581762,175.89891865401415,175.38547966080463,175.23653148814827,175.28343210547243,176.27863234105723,177.90814520396287,181.84149009838916,183.9214395225688,185.98836510166473,188.0012224587231,189.93384157736327,198.07829236405055,208.50639699712744,210.69814702517075,214.25278337823403,-4.648383399648907,64.36392267767904,72.67621144194668,45.271631725919335,182.66267111846247,168.03732888153752
2024-04-01,176.1699981689453,176.75,170.2100067138672,175.22000122070312,81562100,-639366500,-606733567.2551162,-593853224.0425211,-577221518.8917655,23.88292196255946,27.458635886309406,20.542696923288677,0.5321099847178637,43400007.78455687,640902017.6866385,175.71259045128784,175.90711396326037,175.6726128429105,175.34411005077925,175.23322543465926,175.27189921733256,176.14630345101295,177.65213149127146,181.4142972675707,183.43802628357625,185.463079058691,187.44551718750486,189.35682823004328,197.47675838659404,207.9982077486324,210.22823780921755,213.86439748611932,-4.331137522080695,61.96294570404769,69.23617159170644,44.77109477028642,181.6323736801312,170.82362607572816
2024-04-02,164.75,167.69000244140625,163.42999267578125,166.6300048828125,116650600,-756017100,-633876027.754186,-609297403.2754748,-588756846.272039,21.181185098490452,30.73481206967625,19.631176703399905,0.5023497048541463,58599394.48105908,699501412.1676975,169.65753340563762,171.26855942303644,172.6584101895445,173.16558375878756,173.51258132428993,173.70064570196527,174.9567661299879,176.6024051476087,180.46047195242502,182.50424731686715,184.5443925135262,186.54049491338782,188.46558025564207,196.6650017154419,207.36663213236034,209.6507777704572,213.3944035298675,-4.71846724014722,25.77931322610191,50.70206053594288,37.95962590991608,185.08698571822833,164.96901403763104
2024-04-03,164.02000427246094,168.82000732421875,163.27999877929688,168.3800048828125,82950100,-673067000,-641001659.0716068,-615370698.4045402,-594196267.7566215,21.303517478566146,29.471330647062977,19.531568712592755,0.8411545982868317,69773858.04335251,769275270.21105,168.8058477237542,169.82428215292447,171.2322750873005,171.9691890397938,172.48606603599444,172.7332564621193,174.13467097409097,175.8193194081043,179.68108698019196,181.71956718164188,183.75588579983284,185.75090839031932,187.67791063317816,195.92065969353058,206.77141644916114,209.1041450169785,212.94649906571772,-4.828557848431302,33.150836372985395,40.29769843437833,39.96357925938929,184.17627595693534,162.16372648447089
2024-04-04,170.07000732421875,177.19000244140625,168.00999450683594,171.11000061035156,123162000,-549905000,-624438630.1494964,-609135869.7965826,-591338738.7324141,28.283098194089607,27.763696585547393,19.20813332164657,-0.32461799039594696,-39980600.93314562,729294669.2779044,170.34194964815245,170.46714138163802,171.19151692831753,171.75439193243324,172.21085295086587,172.43811903452516,173.75658717862353,175.37081285593737,179.12811366600872,181.1301468165702,183.13901335156547,185.11434718249464,187.0281886714987,195.2677476123943,206.2269673523854,208.60091131622846,212.53021549899768,-4.642007436788276,44.061318361665045,34.330489320250784,43.053780072763296,179.5388545865062,163.3131473666188
2024-04-05,169.0800018310547,170.86000061035156,160.50999450683594,164.89999389648438,141250700,-691155700,-636569006.4859517,-616947282.4105561,-597778601.4602805,24.761162251355103,31.24576070612276,17.956654108106573,-0.1516914394558144,-21426522.007141404,707868147.270763,166.7139791470404,167.6835676390612,169.09434258437315,170.04079242344602,170.74868113998957,171.06755082760864,172.64951301835615,174.37359200265612,178.21017045507168,180.2284716543432,182.24930508546393,184.23546225701594,186.1604163273805,194.46859619881772,205.5960211927533,208.02209121795372,212.05628294573884,-4.938334488182306,18.49198978034162,31.901381504997357,38.232923571670334,177.3501190863141,161.14588311095153
2024-04-08,169.33999633789062,174.5,167.7899932861328,172.97999572753906,104423300,-586732400,-627507805.3066877,-614069674.4907227,-597065937.2168666,26.743924021082222,29.436060942470938,17.46642405596321,0.5469440382765545,57113701.39216413,764981848.6629272,170.89132353403951,170.33178168330014,170.3895602987618,170.7755932494693,171.19494405749947,171.41526808214144,172.690823357004,174.24086854788308,177.87273982748894,179.8257785472985,181.79714365337003,183.7460941470387,185.64353708817103,193.90310671273144,205.09806660549813,207.5579575028489,211.66746416744832,-4.469663690208222,52.527372937187664,38.360227026398114,46.60974044456426,175.35009842800892,162.2499015719911
2024-04-09,172.91000366210938,179.22000122070312,171.9199981689453,176.8800048828125,103232700,-483499700,-601324513.4327445,-601634438.546525,-589739024.6820391,29.01376217560911,27.09944819341165,16.554058277399577,0.3589053809156524,37050771.51645127,802032620.1793784,174.88377776655483,173.60589328305633,172.55304182677872,172.3016961578051,172.3319562225621,172.40885659135435,173.21447104773006,174.4922148654954,177.80869241170336,179.66212445482705,181.55728322553796,183.44756852685495,185.29986915854914,193.4551303487862,204.6672565028617,207.1516270045703,211.32132029396936,-3.7404232897769703,68.95537737213375,46.65824669655435,50.12565287714266,179.9312383249346,161.76876167506538
2024-04-10,173.0399932861328,174.92999267578125,170.00999450683594,171.75999450683594,84532400,-568032100,-595271347.3540636,-598434215.7629819,-588338567.4644089,26.5850599517839,26.585060734032457,15.597894480636425,-0.28861762142682135,-24397540.22150063,777635079.9578778,172.8012555934089,172.68294389494613,172.28869272013114,172.16627074506283,172.21756387941687,172.29088166689644,173.0326614801183,174.23200340276594,177.41845383719578,179.22311723549421,181.07936670267443,182.93941313468022,184.76889368201137,192.88420572136647,204.16485555635748,206.68286366022943,210.92767526126158,-3.5348890654169622,47.388363087108125,56.290371132143186,45.85627415838617,180.18112574974762,162.87087009986178
2024-04-11,172.5500030517578,175.8800048828125,168.50999450683594,174.60000610351562,94516000,-473516100,-573134029.6533247,-586537252.1389403,-580930614.5578767,25.328292874708623,25.828829241421623,14.488745401455104,0.6526466818909278,61685553.78560293,839320633.7434807,174.00042260014672,173.64147499923087,173.05913051459265,172.77470458467604,172.69405232423662,172.71072247355445,173.22857955804295,174.2670512790278,177.23661849953902,178.96627772816205,180.76330033198374,182.57683022028178,184.37011377697232,192.4030425735283,203.71348380898584,206.2579251495445,210.5662059164084,-3.107020710238345,59.35134092844632,58.56502712922941,48.47767851893652,181.2656627262517,163.1823353206233
2024-04-12,172.33999633789062,173.80999755859375,170.36000061035156,171.0500030517578,64506600,-538022700,-566750151.5345384,-581916818.5252817,-578162343.904572,24.017485799116788,24.492118066634312,13.523718114672151,-0.5999982308634713,-38703845.87901759,800616787.8644631,172.03347623455412,172.34573902549434,172.38942136031437,172.34352920144647,172.36524246974088,172.40877348777323,172.95625749475732,173.96066573357353,176.83748201903703,178.52648469058403,180.2894809524605,182.0756638216503,183.84775649363058,191.84112048085012,203.21480471345564,205.7915950555341,210.17300986800393,-3.0195796986547236,44.397666832709334,50.379123616087924,45.51148050743003,178.13634806873026,168.77165364025413
2024-04-15,170.24000549316406,170.69000244140625,161.3800048828125,161.47999572753906,100245300,-638268000,-579753396.7100769,-587283597.7938673,-582040151.8891398,21.665672735980408,30.201454811283195,12.706594743580538,-0.9785196840069492,-98091999.27918182,702524788.5852813,164.99782256321075,166.91286737651672,168.7529461493893,169.62764583296962,170.18819312130051,170.42172298591245,171.52172477385506,172.7720304949036,175.84667645184362,177.5794575259704,179.3719450878302,181.18019999147154,182.97058940476427,191.04214351365772,202.5776320571821,205.2046864551633,209.68850226461623,-3.680080006626241,4.085935114810471,35.94498095865537,38.64653473576869,182.92797611158375,159.38002559740062
2024-04-16,156.74000549316406,158.19000244140625,153.75,157.11000061035156,97000000,-735268000,-608028779.1264266,-601377350.576237,-591925876.0783285,20.850408539485308,36.20452268137727,13.02782061141999,0.5135129562169222,49810756.75304145,752335545.3383228,159.73927459463795,162.01143399343414,164.8719643030434,166.4982345273151,167.57255461911075,168.00140982671957,169.7202592534171,171.28040860113674,174.63785865561834,176.4422654751027,178.28599657673368,180.13366958359677,181.9564486677285,190.14919238462335,201.88346974501673,204.56767074860952,209.16533309392705,-4.504231368298349,11.931818797568564,20.138473581696122,35.97780739545196,182.19675632572128,152.2032436742787
2024-04-17,157.63999938964844,158.3300018310547,153.77999877929688,155.4499969482422,82439700,-817707700,-646152219.285258,-621980241.2505776,-606492523.3406731,19.743339875651664,34.051816058914156,14.017890767810023,-0.2659353631421682,-21923631.556831405,730411913.7814914,156.87975616370744,158.73071547083816,161.73130851810967,163.73617513254686,165.14804308493706,165.7193347579055,167.93647646527023,169.77275034848012,173.39993209385216,175.27602833472153,177.17204537534386,179.06046642553787,180.9169799728467,189.23605566261332,201.17456176338658,203.91710553271062,208.63085213725358,-5.231025674639369,6.5840296902147575,7.533927867531264,34.98938465470576,180.93707452290852,146.938926453654
2024-04-18,151.25,152.1999969482422,148.6999969482422,149.92999267578125,96098800,-913806500,-694816633.9606657,-649773218.5831575,-626319330.8001672,17.955307825907873,35.68345210852592,14.949401841520107,-0.29714529854910715,-28555306.616210938,701856607.1652805,152.24658050508998,154.3303540733097,157.79753657066686,160.28462951835547,162.1044330031059,162.84854528842834,165.6856659915841,167.8829639034612,171.88574245397663,173.86791524255818,175.843164755853,177.79392408859192,179.70180400041275,188.2016855840125,200.392201929988,203.20204443526785,208.04676398340808,-6.181180806189616,4.030129604696427,7.515326030826583,31.855339001537047,174.80882379562627,143.19917180984248
2024-04-19,148.97000122070312,150.94000244140625,146.22000122070312,147.0500030517578,86005100,-999811600,-750270264.1496357,-683110207.6246731,-650415719.1162875,16.959294584657204,36.04563515176639,16.25746714427725,-0.6483043998318947,-55757484.73798209,646099122.4272984,148.78219553620187,150.69017856253376,154.2150253976972,156.97597290170606,159.0935470128363,159.97608306357915,163.35620812410582,165.89887239377515,170.28343668609156,172.37803123195815,174.4386202824825,176.45723186959913,178.42134121811256,187.1187465700058,199.57781721428984,202.45830878780416,207.43983103881456,-7.0849062974266985,2.5151570638020835,4.376438786237756,30.328958856167702,165.70983426569813,142.6981613397706
2024-04-22,140.55999755859375,144.44000244140625,138.8000030517578,142.0500030517578,107097600,-1106909200,-815113707.0315201,-723472016.789451,-679867040.5000957,16.2924858490666,41.87660624769002,17.708950112788752,0.1524823942233032,16330498.463569637,662429620.8908681,144.29406721323917,146.3700908071458,150.16001794905074,153.244480439219,155.6848382206206,156.71679578870254,160.69293249006233,163.62755150405923,168.4619248387152,170.69314077750258,172.85868773464227,174.9612653992582,176.9950142311967,185.93272700373612,198.6995299751672,201.6581987780552,206.789185984217,-8.111074060675946,8.040574337524278,4.861953668674263,27.8352836199673,162.63298169717532,138.00301683798094
2024-04-23,143.3300018310547,147.25999450683594,141.11000061035156,144.67999267578125,124545100,-982364100,-845522869.3894256,-748128405.8695594,-699383059.8325827,17.777513027361294,38.65508538745434,19.549978642676994,0.16097418160706223,20048545.545669727,682478166.4365377,144.5513508549339,145.52504174146353,148.33334285796093,151.10335849835957,153.48386911165275,154.52828613180776,158.6913150132772,161.8230220918423,166.92760663465495,169.2479658829625,171.48411724396612,173.64468832432442,175.72775848392553,184.84712873194783,197.87480421487123,200.90352055153502,206.17118406075,-8.612818018448564,14.547228823332887,8.36765340821975,31.046767420737865,158.1476948882938,137.51630047303433
2024-04-24,162.83999633789062,167.97000122070312,157.50999450683594,162.1300048828125,181178000,-801186100,-837461638.5913483,-753181519.6338929,-705951023.0974015,32.205687824762265,31.568577984800005,20.61244053661057,-0.11663338229952429,-21131402.93826321,661346763.4982746,156.2704535401863,153.827523312138,152.93223019957813,153.86002009447282,155.2130962658847,155.9104168138086,159.1211512469691,161.85225854812518,166.6180839409877,168.85252360517637,171.02781908000742,173.14404991382392,175.1945132446662,184.24930968328638,197.32908208766423,200.38996405261156,205.7329633724123,-7.51574672077561,57.718958159130075,26.76892043999575,47.68285639639498,164.7849197319393,133.55107880321694
2024-04-25,158.9600067138672,170.8800048828125,158.36000061035156,170.17999267578125,126427500,-674758600,-807879267.9383758,-745712670.094635,-703938601.4839054,31.8679924335679,28.840757575807974,19.231821872811743,0.888177001892723,112289997.90679224,773636761.4050668,165.54347963058294,162.00375799395962,158.6814843583125,157.94001323979992,158.20647554786402,158.5048851523491,160.50350642557063,162.64537608409242,166.84788450452277,168.92627188687663,170.9864616944354,173.015177859996,174.99786537921975,183.87906449887836,196.91459217297898,199.98983198139527,205.37920246995827,-5.928404122638057,77.63481208698492,49.966999689815964,53.28249978228916,177.76996329945163,128.66603523570464
2024-04-26,168.85000610351562,172.1199951171875,166.3699951171875,168.2899932861328,109815700,-784574300,-803642001.0404893,-749413777.7272285,-709140922.0745525,31.657763839060397,27.676028428903223,18.223092902453722,-0.33217454993206524,-36477980.722974695,737158780.6820922,167.37448873428286,165.14687564004623,161.88432066758594,160.52750825138315,160.2231790955178,160.28399572212794,161.47681728314092,163.18295867476294,166.9409237807557,168.8909230757242,170.85492665012796,172.80973505243674,174.73481157164773,183.4688257827535,196.47757539608057,199.569966568213,205.01015561240777,-4.767968658056219,72.95891036687914,69.43756020433138,51.87853827209473,183.9554730957538,130.97652153315244
2024-04-29,188.4199981689453,198.8699951171875,184.5399932861328,194.0500030517578,243869700,-540704600,-755835200.8513094,-729536713.0721631,-698274028.4663302,43.77565674938859,21.377609918847565,17.54193718307377,0.3272866085775041,79815287.04781334,816974067.7299055,185.15816494593284,179.59843934590202,172.60621479564324,168.90813195147683,166.9885438867658,166.42326978206063,165.54846550421803,166.1226771868577,168.68989663694938,170.2886497410594,171.98639379167088,173.7332249654507,175.4922700610638,183.74727781614834,196.4405132228848,199.49685446865732,204.9010993680232,-1.7495301941538344,91.97604011637019,80.85658752341142,65.29931609712474,203.38541346742224,132.346581161484
2024-04-30,186.97999572753906,190.9499969482422,182.83999633789062,183.27999877929688,127031800,-667736400,-739817237.0601622,-723650968.9406856,-696303853.1010507,39.413244605262534,20.43789055237039,18.73083897535414,-0.8914913912966583,-113247756.12091884,703726311.6089866,183.90605416817553,181.43921906259945,176.16414279019446,172.50109865843183,170.24683486527204,169.48812959973995,167.76490716360289,167.75670781470905,169.6311935493589,171.01039135429482,172.53730135204287,174.14830208779182,175.79767118726903,183.7349809993891,196.23958933824986,199.28206167806977,204.68596403878217,-0.22386472771265176,74.04694789886167,79.660632794037,58.01433051717866,201.3471603812999,149.8248366890126
2024-05-01,182.0,185.86000061035156,179.00999450683594,179.99000549316406,92829700,-760566100,-743589757.5946782,-727166695.7241104,-700449815.9057761,36.73178786067805,21.739667129616354,19.626573218060997,-0.7138656604042574,-66267935.09562909,637458376.5133575,181.29535505150122,180.71461227788177,177.439430357851,174.3733253671149,172.19546899085046,171.3975615803625,169.29304445479804,168.9217837840857,170.29950399734633,171.50925880645423,172.9008478955122,174.40228919237322,175.9620764541669,183.6364290123832,195.99150408870656,199.02653775509089,204.44023310798002,0.7115587770464913,68.57001478631977,78.1976676005172,55.96049604613438,200.09058204812985,158.22541526632327
2024-05-02,182.86000061035156,184.60000610351562,176.02000427246094,180.00999450683594,89148000,-671418100,-730467638.0320095,-721857305.6334622,-698576797.1618977,33.0983397133794,21.628772778823606,20.03221983339336,-0.06993254478489203,-6234346.502483554,631224030.0108739,180.43844802172435,180.36230339235885,178.2962850741793,175.78249265204516,173.75837409404755,172.96345847608492,170.63266321130277,169.97780385291907,170.9259872560231,171.9815219009199,173.24763553508896,174.64610246691507,176.12081833858528,183.54099652539512,195.74751157600625,198.7746630100809,204.19714615672487,1.4379260735803712,68.60329099126767,70.40675122548303,55.97069493880191,199.5350980059072,162.7129000409678
2024-05-03,182.10000610351562,184.77999877929688,178.4199981689453,181.19000244140625,75491500,-595926600,-706005631.1170987,-709863905.0526222,-691954187.8718823,31.569744383093802,20.547796363575067,20.099300636396666,-0.1289295576631023,-9733085.702324087,621490944.3085499,180.9394843015123,180.77615291688255,179.26085752992162,177.13437009938542,175.2446997635193,174.45919374250698,171.9523306150657,171.04563228991785,171.58818178411232,172.49310415316913,173.63506806710444,174.93061985711034,176.31960987202925,183.47912826002698,195.52525952814975,198.5417535985753,203.9682193535874,2.0847623254905443,70.56767935556945,69.24699504438563,56.6095219684193,195.57746587895252,171.83053583003186
2024-05-06,183.8000030517578,187.55999755859375,182.1999969482422,184.75999450683594,84390300,-511536300,-670647570.9139899,-690975561.6511258,-680314297.9546844,31.55437297989477,19.2629249108987,20.18973227218868,-0.04477713914818389,-3778756.205856983,617712188.1026928,183.4864911050614,182.76807371185924,181.09390318889308,179.04077620124804,177.14775871218262,176.3320666087486,173.553288601537,172.35176202486244,172.4379761533203,173.17459806170618,174.1777474056279,175.35798397231582,176.65060534790402,183.51283526652196,195.36090433698465,198.3592137430556,203.77709273819684,2.8525705813462707,76.51073335421351,71.89390123368355,58.56811046478592,186.06425483502017,177.62774345599547
2024-05-07,182.39999389648438,183.25999450683594,177.39999389648438,177.80999755859375,75045900,-586582200,-655362958.0205371,-681033336.7018958,-674267053.1031257,28.731645332609652,20.856035579206917,20.432915263137232,-0.8600670240937817,-64544503.883439526,553167684.2192533,179.70216207408296,180.2890356352265,179.9992679787933,178.73308154058446,177.28020648146486,176.60078132690225,174.0853772211691,172.87159398045588,172.78455817946698,173.4321202559777,174.35493033991892,175.46459325867573,176.69607170910754,183.36276058999755,195.09295156174204,198.08703869425477,203.51871368168338,2.8672061183381743,64.94090171402938,70.67310480793745,53.504704159342644,185.85517950282255,175.64881829991182
2024-05-08,171.58999633789062,176.05999755859375,170.14999389648438,174.72000122070312,79969500,-666551700,-657397274.7440759,-679654133.2027024,-673769287.4069061,26.51269439194065,24.223007464531943,20.049856746936655,0.5465328231582317,43705956.60155221,596873640.8208055,176.38072150516308,177.5045184279648,178.23951239276326,177.72981146061414,176.76816542931252,176.2588213075933,174.16470522111086,173.04763276524133,172.90942547244998,173.50366919846246,174.37273867556692,175.43221969180738,176.61857874877796,183.13531955396348,194.7819141519552,197.77754150917463,203.2321593288378,2.5995025591885508,59.79690846274856,67.0828478436638,51.37795432499919,187.20081253945781,172.19518355429219
2024-05-09,175.00999450683594,175.6199951171875,171.3699951171875,171.97000122070312,65950300,-732502000,-671052679.3360621,-684687263.3863368,-677558501.6490796,24.6986301870329,22.565609309255123,18.940077783189064,-0.7176441865808824,-47328849.39826517,549544791.4225404,173.4402413155231,174.73725982433396,176.14967533540988,176.28985890063637,175.80853258759066,175.47903583724963,173.8903672210599,172.94500118957103,172.84881745620825,173.41846542192027,174.2555319704516,175.28168845393327,176.43628159081425,182.84149538729875,194.43364067208876,197.4357197834995,202.92109307900563,2.140766123282873,55.218915515779905,59.98557523085261,49.49246976867777,188.23832536274332,167.94167341655353
2024-05-10,173.0500030517578,173.05999755859375,167.75,168.47000122070312,72627200,-805129200,-695430228.5476872,-696157924.0419084,-685788883.4635864,23.408480547351566,23.931871107514013,17.892184321948644,-0.72881297486178,-52931645.68788147,496613145.73465896,170.12674791897646,171.60363052251853,173.58978396384097,174.33489448065308,174.34082631421316,174.20466590696844,173.2128214710153,172.5188107163455,172.56631318294987,173.14355074407487,173.97331095826874,174.985528139445,176.1238784390452,182.46329817238833,194.03724923008286,197.05206788200553,202.57829614509217,1.4777587604133657,47.368426614226024,54.12808353091816,47.12223125119249,187.93806030154065,163.15393798947497
2024-05-13,170.0,175.39999389648438,169.0,171.88999938964844,67018900,-738110300,-703190241.5390167,-700153388.4269685,-689164464.1641306,23.25403258193446,22.10125485686647,16.70046758561341,-0.09687432944710679,-6492410.997782705,490120734.73687625,171.30224889942446,171.74681495608348,173.0231891057768,173.72367070790193,173.85066092930023,173.7838174492739,173.04746871084444,172.45892392332675,172.52268003499495,173.07390900216228,173.87168600370188,174.8509399329321,175.95784396651985,182.1850534675794,193.6991232783205,196.7187954516432,202.27293995847086,1.2142883584182016,34.767902975353145,45.78508170178636,49.65920240736406,179.96517168637786,165.97882855776277
2024-05-14,174.5,179.49000549316406,174.07000732421875,177.5500030517578,86407400,-651702900,-693828906.713741,-695539056.187366,-686747585.4129887,27.465926032572025,23.05145126039143,15.720739994377517,0.28413169859658505,24551081.333314564,514671816.0701908,175.46741833431338,174.64840900392065,174.53212708777048,174.68025379386592,174.59052935379177,174.46857846790732,173.6102855034586,172.94378860222494,172.84702345543127,173.32258089380647,174.05111610360703,174.96829050331584,176.02028157770565,182.06307845663673,193.45257182447986,196.4649041615785,202.02694058626477,1.4455378984658296,47.37103195155456,43.16912051371124,53.624758645441204,179.73489819186437,166.10510424954185
2024-05-15,179.89999389648438,180.0,173.11000061035156,173.99000549316406,79663000,-731365900,-700653814.5839698,-698951136.5561357,-689626190.4139876,27.102984820531344,23.183969230648813,15.217187499803865,-0.7445558894723204,-59313555.82303346,455358260.24715734,174.48247644021384,174.31920724854234,174.35141988956835,174.50769171869047,174.47042458166624,174.38156519977218,173.65775050217178,173.0434283061239,172.9207642320592,173.35966003821522,174.04813509821957,174.92575637243968,175.94066290772363,181.8506291681243,193.15543340720785,196.1672233845134,201.74796610772646,1.3262545374362276,23.446185772235577,35.195040233047756,50.9083760692954,179.42540426707805,166.12259988331257
2024-05-16,174.10000610351562,175.7899932861328,171.42999267578125,174.83999633789062,59812200,-671553700,-695362884.6596117,-696341856.8802055,-688460221.7521495,25.457823822631664,23.173093437803864,14.671117863094574,0.5642216443792718,33747337.83794188,489105598.0850992,174.72082303866503,174.57960179321648,174.5142787056758,174.5907678734905,174.54433893291113,174.46491631579372,173.80553123163662,173.21453002343503,173.04458565824189,173.44190094375276,174.0867624757645,174.92202767528536,175.89749951282823,181.66613883048657,192.87580841378315,195.8847435560813,201.48022511499178,1.285490438346386,22.782768156588933,31.199995293459683,51.53956894681634,180.1462134844819,166.5497887127837
2024-05-17,173.5500030517578,179.6300048828125,172.75,177.4600067138672,77445800,-594107900,-676952887.4487733,-686605289.545056,-682372967.6742512,33.413291972465245,26.796553463287214,13.990857883705168,0.3691870264899487,28591984.61613527,517697582.70123446,176.54694548879982,176.01980425354185,175.4961880417396,175.3080775835847,175.12747248910236,175.00947820635253,174.26234066691543,173.61886113680953,173.32945153279837,173.66512904209245,174.2513109751841,175.03237459000633,175.95877430502586,181.5554511432071,192.64045266263938,195.64070730651557,201.2412179667219,1.4479069669055207,41.85348272040567,29.360812216410057,53.52321514689627,179.95904273941,170.33296165512127
2024-05-20,177.55999755859375,177.75,173.52000427246094,174.9499969482422,61727400,-655835300,-673113326.0944508,-683674814.3466873,-680660858.1055133,33.442851975925144,26.82025978392575,13.776472361101824,-0.3238798486384313,-19992260.968843903,497705321.7323906,175.48231312842807,175.48490060089202,175.31412434390714,175.21855742474906,175.09197738093033,174.99866343215064,174.34829770208128,173.7456359759936,173.4340028499238,173.7365105924341,174.2853932177723,175.0287929534079,175.9192144086814,181.38162340123435,192.3703693692898,195.36665816269738,200.9796137774833,1.3584273203204305,36.345269235627775,33.66050670420746,51.35445200208078,179.03359417799498,172.48240923997378
2024-05-21,175.50999450683594,186.8800048828125,174.7100067138672,186.60000610351562,115266500,-540568800,-649014321.3500053,-670045670.1080389,-671622651.0458862,38.92972977188179,23.509140598581237,13.647337073555962,0.9539854032170096,109962558.47991344,607667880.212304,182.8941084451531,181.04245335220384,179.0760849304433,178.0639195944407,177.3935831254474,177.1079984633079,175.87976125226058,174.96986170242425,174.28342241467166,174.45114923193862,174.8861060414671,175.53188917732564,176.33806898494942,181.5189492618207,192.282272220194,195.25054356588703,200.83653310411052,2.202186990563945,95.15400518228901,57.78425237944081,59.547583726345906,187.99329778057862,167.14270685809325
2024-05-22,182.85000610351562,183.8000030517578,178.1199951171875,180.11000061035156,88313500,-628882300,-645353953.8318225,-666125349.1414247,-668865206.256665,36.18714243608665,21.852928966522438,14.436606215177452,-0.2992948192722535,-26431773.021800157,581236107.1905038,181.03803655528543,180.5762269812777,179.42072349041274,178.57543984841843,177.93686662242825,177.65381703549764,176.40854117202196,175.45939874127447,174.6593306853607,174.76552986407268,175.14093016677853,175.7309375005007,176.4859878722201,181.48187166572941,192.09643601241012,195.0500065730985,200.63029894994378,2.320434875310724,62.392741714345576,64.63067204408745,54.082839916989656,188.53138589369644,169.05261679185043
2024-05-23,181.8000030517578,181.89999389648438,173.25999450683594,173.74000549316406,71975500,-700857800,-655445562.2260365,-669433201.607157,-670929246.5137411,32.81357522460598,24.8192819518415,15.114264047041274,-0.888886337908027,-63978038.6140992,517258068.57640463,176.1726825138712,177.1581162372209,177.52715082466318,177.36658125960483,177.09749439657543,176.94221493689153,176.0749742121647,175.2956470033592,174.60001938263832,174.70855628791108,175.0725923778217,175.64437523931215,176.37830228872772,181.27813834539876,191.81618516478804,194.7677549031656,200.3627338409211,1.8784877685382924,30.23728536789014,62.59467742150824,49.300547541298776,188.79540446522392,168.34860188243235
2024-05-24,174.83999633789062,180.0800018310547,173.72999572753906,179.24000549316406,65479700,-635378100,-651796932.7303935,-666189858.5942806,-668635622.1298202,30.476019806917424,23.05121959982562,15.025464339804953,0.7354344785824478,48156029.027235106,565414097.6036397,178.21756450006643,178.19906086519248,178.09810238083014,177.83493731799464,177.52599661589318,177.359995038032,176.47060312228962,175.6713001928644,174.8993733252529,174.96030346598067,175.27588082247254,175.80070698947964,176.49052594380368,181.22450327033997,191.6241824217098,194.56208934806625,200.15255743945087,1.949572083533809,60.06274208266066,50.89758972163212,53.15242140921103,189.0815218175276,168.7744840418474
2024-05-28,176.39999389648438,178.25,173.16000366210938,176.75,59736600,-695114700,-659672890.4157765,-668944605.3968778,-670343951.1475211,28.6771519173527,22.285400638144406,14.936226788351393,0.41060861327785403,24528362.487933856,589942460.0915736,177.23918816668882,177.47453043259623,177.64873492055344,177.56370298849598,177.37079729271454,177.2490868492989,176.50552773200343,175.7740335078297,175.01876859459142,175.05973105120395,175.34778907503485,175.8419805986327,176.50070139698784,181.1067531842784,191.39709566717988,194.32616763484683,199.91969617139665,1.784414660402831,47.046511776304456,45.78217974228508,51.2538894376036,188.8465132974108,169.7294937826673
2024-05-29,174.19000244140625,178.14999389648438,173.92999267578125,176.19000244140625,54782600,-749897300,-676077328.5219989,-676654385.8404677,-675476429.2388349,27.620266042274803,21.464080403039233,14.76521442680255,0.07109436582032239,3894734.204988393,593837194.296562,176.53973101650044,176.83226643700124,177.16249076083773,177.22027785172355,177.1346383224529,177.05652604786385,176.46608707067878,175.81364959674175,175.0943320685795,175.12252390621518,175.38887265388223,175.8571119831011,176.48851712421992,180.97736500683442,191.16492630495432,194.08595352632443,199.68357981587437,1.590010439197016,44.119186027961945,50.409479962309014,50.81429591419143,182.28770555882048,172.1243000564139
2024-05-30,178.5800018310547,182.6699981689453,175.3800048828125,178.7899932861328,77784800,-672112500,-675356450.6089082,-676221825.2839689,-675259401.388894,29.566833956989026,19.29601703020792,14.649670473721747,-0.06447419922680359,-5015112.692017072,588822081.6045449,178.03990586292204,177.81112986156703,177.70499160260277,177.61270671032588,177.4657093151889,177.3717019093673,176.75657534761052,176.09711090049328,175.3327618245507,175.32627220509949,175.55478097740664,175.9846285614938,176.57877109135376,180.91980259313175,190.9759960298578,193.88335802645435,199.47568343249387,1.6269863396641142,57.710352682929944,49.625350162398775,52.83683877183971,181.36365732013428,172.5203453654126
2024-05-31,178.5,180.32000732421875,173.82000732421875,178.0800018310547,67314600,-739427100,-687005659.5891067,-682241375.260246,-679399255.7158026,27.11677353509235,19.311619589340513,15.083199584344857,0.31076754056490385,20919192.686110277,609741274.2906551,178.0666365083438,177.94556584631084,177.82999501208675,177.72953049050807,177.58856781836207,177.50048371331044,176.92200365804104,176.28595765578484,175.5100031152929,175.4792571843192,175.67796248246262,176.07573174712687,176.63764288506752,180.8450709941297,190.77911062224248,193.67404205035635,199.2627910782507,1.5807774123923366,50.78299413543793,50.870844282109935,52.205530700294005,180.42269952717353,175.19730169352957
2024-06-03,178.1300048828125,182.63999938964844,174.49000549316406,176.2899932861328,68568900,-807996000,-709003903.3001782,-694218006.1938213,-687695825.1193186,27.237094659932932,17.708614918589085,15.229017657140638,-0.5582848733800396,-38280979.6543086,571460294.6363466,176.8822076935365,177.11777956622183,177.31666110343545,177.36964618941425,177.32885291191621,177.28039454473267,176.84300236155252,176.28634200153226,175.56032506179872,175.5242980788644,175.70781764361726,176.0850474662141,176.62400956746225,180.7252005281298,190.55790272398127,193.44378974884347,199.03420602559282,1.383766575050089,31.456289776520645,46.64987886496284,50.56515793641041,179.53326199446266,174.90673434342798
2024-06-04,174.77999877929688,177.75999450683594,174.0,174.77000427246094,60056300,-868052300,-737921793.6092367,-710773653.2304598,-699331733.6206576,26.324779027943073,17.636741422322334,15.648182426616769,-0.5904226609581398,-35458600.45330033,536001694.1830462,175.47407207948612,175.94389191934138,176.46777549311062,176.71973571017594,176.81708318402517,176.82395994977418,176.5838776004161,176.14192888447784,175.50933662377693,175.48239286739755,175.66207064990232,176.02787167518136,176.5513034774622,180.56848483719114,190.3168661064008,193.1964548418715,198.79277118227807,1.0923912504001692,21.618180956256197,34.61915495607159,49.15280141997838,180.0409361885421,173.60706185833288
2024-06-05,175.35000610351562,176.14999389648438,172.1300048828125,175.0,57953800,-810098500,-751044831.1348301,-720233162.4504727,-706477980.5749209,25.214280491888115,18.944752433444204,15.91369149335798,0.4278621694868934,24796238.598009523,560797932.7810557,175.15802402649538,175.47194595967068,175.9785169954071,176.28980178263197,176.45366654722014,176.49233086799705,176.38589290036407,176.03317375262282,175.4764761964365,175.45559326365324,175.6297745206388,175.9831816023474,176.4904680469735,180.42194576252822,190.0830208223336,192.95544219495932,198.55602719041462,0.870004074020585,23.106825265769377,25.393765332848734,49.38318513969999,180.19022998355052,172.98176708676198
2024-06-06,174.60000610351562,179.72999572753906,172.72999572753906,177.94000244140625,69887000,-740211500,-749075134.564861,-722135861.265417,-708654337.7956386,26.571938564363702,17.09628318655902,15.829387762317952,0.48857334681919645,34144925.489153184,594942858.2702088,177.01267630310264,176.70597420053846,176.63234547740683,176.70235194732555,176.75093372605738,176.75554388134418,176.58015659299434,176.2147764848879,175.63541337353132,175.59361599575064,175.74246856555428,176.06826076926302,176.54731253302967,180.35663146460396,189.89763122873165,192.75656219822352,198.35089261579765,0.9203846397154791,39.3898139565678,28.038273392864454,52.35495454329559,179.54996289983808,173.2820378325838
2024-06-07,176.1300048828125,179.35000610351562,175.5800018310547,177.47999572753906,56244900,-796456400,-757689910.0985227,-729214007.8139358,-714318989.7185614,25.52035778822753,16.41970015522248,16.24866027772366,0.007953179450441371,447325.7828721299,595390184.0530809,177.32422258606024,177.09298496403875,176.91489556078426,176.89676289237894,176.89674612635372,176.88726239883414,176.69263648481243,176.33527355561657,175.75441868669313,175.69841486973888,175.8272259880901,176.12964055005764,176.58388834457907,180.28093052415488,189.70804900733938,192.55422356947275,198.1432219999941,0.9126721867779963,36.27112437102754,32.9225878644549,51.84208849973538,179.1443153061987,173.4476829848169
2024-06-10,176.05999755859375,178.57000732421875,173.1699981689453,173.7899932861328,50869700,-847326100,-773987399.1715186,-740462778.5017278,-722900097.5025653,23.395543482581733,17.67702166190446,16.598310091836115,-0.7703725681346162,-39188621.429237485,556201562.6238434,174.96806971944196,175.44148912508578,175.8732614692338,176.1200704908174,176.27539555830955,176.32412256016116,176.32980608497746,176.09286591090384,175.62768156407634,175.59239144842743,175.72784878311657,176.02791675597396,176.47432383248315,180.1101163863122,189.4650252558706,192.3056907180378,197.9009013162741,0.6018696749139281,11.25415866657839,28.971698998057903,47.79729250710178,179.42131764849867,172.17068064251694
2024-06-11,173.9199981689453,174.75,167.41000366210938,170.66000366210938,64761900,-912088000,-799096599.3221515,-756808037.6965159,-735105773.8140445,22.930514136952354,23.946342361413084,16.347235091680723,-0.11444097506621154,-7411414.983140485,548790147.640703,172.09602568122023,173.0507463935976,174.135508866859,174.7550537836404,175.15231717906954,175.29428276051536,175.62108078211895,175.5754504586377,175.30718621556235,175.3183699047431,175.48063682599425,175.79452923015376,176.24631127678222,179.8614292093595,189.1779256895536,192.01899287623743,197.62984760827246,0.10181873777736428,19.829164862889673,22.45148263349853,44.61735297467885,180.89770541139097,169.05029263548403
2024-06-12,171.1199951171875,180.5500030517578,169.8000030517578,177.2899932861328,90389400,-821698600,-803206053.9908513,-762988091.25076,-740692409.9806087,27.248332075327063,21.670467098873072,15.381480744125593,0.39348655523255816,35567013.635537796,584357161.2762407,175.55867075116197,175.1703698398652,175.1870036732836,175.3887886592635,175.5798524004822,175.65713921971852,175.82969484512068,175.73874025173248,175.43510925237337,175.4279045370425,175.56889811673273,175.8595494065007,176.28723998303127,179.7937598429588,188.99643053835632,191.8239067889513,197.42746099810194,0.23776867170610672,64.74438519356971,31.94256957434592,51.91495574242197,181.70930895975715,169.15468640157098
2024-06-13,188.38999938964844,191.0800018310547,181.22999572753906,182.47000122070312,118984100,-702714500,-784934862.3561511,-757247749.2255912,-738242221.3294681,35.074256441247535,19.025018168361214,15.190436600859252,-0.7482223909035985,-89026567.78151286,495330593.49472785,180.16622439752274,178.82018553028416,177.61466952242347,177.1590917996234,176.95788216452638,176.8958414017157,176.6597331420685,176.3798127249678,175.88897325033014,175.8191321305792,175.90553729253614,176.14696035494427,176.529701208038,179.86418724763627,188.89679039610206,191.7000139999679,197.27863055255568,0.7547925443885788,63.624836179126724,49.3994620785287,56.71401462418156,185.2004951124746,167.47549976057226
2024-06-14,185.8000030517578,186.0,176.9199981689453,178.00999450683594,82038200,-784752700,-784901741.92776,-759867268.3474948,-741242898.4158021,31.653737551722077,21.606092993017192,16.169318236257684,-0.7599127493206648,-62341874.11131856,432988719.38340926,178.72873780373155,178.41509001856005,177.74644451722764,177.37181747642654,177.1683046329883,177.09841469355572,176.82851581266442,176.53506813276476,176.02581333139503,175.9408467070379,176.00819374201416,176.22796183980913,176.58775192563792,179.81539270182574,188.73057977183845,191.51868923846948,197.08690283070774,0.7954825923140731,44.78238979601441,57.717203722903605,51.91017680045885,185.3871006482017,167.50089373656394
2024-06-17,177.9199981689453,188.80999755859375,177.0,187.44000244140625,109786100,-674966600,-764913534.3045309,-751781490.4081542,-736967006.8049668,30.487035101339327,18.945384389352952,16.3847632767627,0.7679940050130495,84315066.63376315,517303786.0171724,184.53624756218136,182.92754622998314,180.97763049195385,179.88886371767148,179.22264419467191,178.97870337498307,178.15495164125716,177.57363330501633,176.76221262881512,176.5796886922806,176.56584294686255,176.71544186596552,177.01333037723668,180.01604032655155,188.71087630114482,191.46466689678653,196.99091377210775,1.5705482760127154,84.62188563062898,64.34303720192337,59.68553005962605,191.68730970190427,166.6606883449707
2024-06-18,186.55999755859375,187.1999969482422,182.3699951171875,184.86000061035156,68982300,-743948900,-761101782.612798,-751035529.4167776,-737417451.6642553,28.077410860178066,17.447985336576657,16.8821618881184,0.03105778434884801,2142437.3972875383,519446223.41445994,184.75208292762815,183.89377342016735,182.2717538647531,181.1316479408415,180.35011547780786,180.04803014505006,178.99308276239395,178.2675730483816,177.28465056310782,177.0397060210623,176.9704360036181,177.06955311572145,177.32104293539805,180.14351296559892,188.65208430586554,191.37718787312514,196.87020816850819,1.9540833718632484,73.72200379439118,67.70875974034486,56.971484555023544,190.73738413787686,173.29061268829503
2024-06-20,184.67999267578125,185.2100067138672,179.66000366210938,181.57000732421875,55893100,-799842000,-768145458.5013802,-755683764.7111161,-741444843.0255805,26.51667810928458,19.135222960737533,17.307402702887952,-0.3117107704996907,-17422481.266616262,502023742.14784366,182.6306991920219,182.73189037219305,182.03783835124165,181.24123778668582,180.59409384709005,180.32475326853526,179.31519833262206,178.58209059846132,177.5611251928569,177.29138942679322,177.19480533633032,177.26522503783002,177.48766898986162,180.18105229082576,188.54396099316864,191.2472914420138,196.7179673640874,1.9698554683297118,59.82258030204282,72.72215657568766,53.62292337970456,189.9632838259401,175.77671861546617
2024-06-21,182.3000030517578,183.9499969482422,180.69000244140625,183.00999450683594,63029500,-736812500,-762448556.9556748,-753886501.4050512,-741145982.1056577,25.430502534792897,18.351406386627215,17.226088097691132,0.42331041390705226,26681043.73335455,528704785.8811982,182.88356273523127,182.8709424395145,182.36189040310643,181.68342696672335,181.07727397903923,180.8129789482263,179.7770478543988,179.00379573259224,177.9126651485975,177.6090897090178,177.47847310074522,177.51499762343897,177.704230774841,180.2554981386155,188.45947295520935,191.13818817134919,196.58156962421427,2.0746348010027873,65.90617681244065,66.48358696962488,54.8731367698404,190.05726097553767,175.89873878032168
2024-06-24,184.97000122070312,188.8000030517578,182.5500030517578,182.5800018310547,61992100,-798804600,-769058746.6000975,-758164415.5574772,-744865893.863975,29.085046021246598,17.374892229933483,17.196682926413352,-0.990400390625,-61397000.05566406,467307785.82553416,182.68118879911356,182.72547213528458,182.43459421242252,181.90757068280618,181.37781954944234,181.13425583601327,180.12741710148077,179.34438678958867,178.21378364423992,177.8852514935754,177.7273281607603,177.73521519768315,177.8954374829278,180.31666928841653,188.3697100372833,191.02483470988835,196.44225054169527,2.098782898892267,64.08956207207538,63.272773062186275,54.40153110344661,188.51977287748895,179.2642298080579
2024-06-25,184.39999389648438,187.97000122070312,182.00999450683594,187.35000610351562,63678300,-735126300,-762889210.8546252,-755970309.3136638,-744237532.8231312,26.407674768846633,16.320665736858405,17.760543616110702,0.7919481816203484,50429913.89367503,517737699.7192092,185.79373366871494,185.0377391194001,184.0730648427869,183.26817953798354,182.572256860257,182.2643922482864,181.03024072673514,180.10682672424838,178.80321735129,178.41107119412763,178.19672708479712,178.15324958489325,178.2662048798136,180.5017570993402,188.3541420382945,190.9761614833139,196.35178044778306,2.474297756308033,84.241672935857,71.41247060679102,58.647381039585184,188.4329640885019,179.3150400618887
2024-06-26,186.5399932861328,197.75999450683594,186.36000061035156,196.3699951171875,95737100,-639389200,-740434663.4265115,-744867346.5207685,-737473122.7796173,32.01958992394955,14.104041873528846,18.255899711723373,0.756140327394895,72390682.1378378,590128381.857047,192.8445746343633,190.7038671182938,188.17204160092044,186.54363343278453,185.3318045116431,184.82904731535933,182.94771002554168,181.6556999045283,179.93655785231564,179.40878918985317,179.0832279644259,178.94528199934084,178.976157438142,180.9193423103362,188.47652147461346,191.04760298839832,196.35196168827466,3.4598507111425647,95.42009947627396,81.25044482806878,65.2388274015099,198.40162116220057,173.95038079092444
2024-06-27,195.1699981689453,198.72000122070312,194.0500030517578,197.4199981689453,72746500,-566642700,-708836124.6216912,-727893570.6601018,-726451802.9338455,31.320155089852005,13.389743024863957,19.732803621541205,0.4432532927303441,32245125.659607977,622373507.516655,195.8948569907513,194.06193264361957,191.25469379026205,189.26272461682473,187.74944324310354,187.1183111069204,184.75674604346713,183.15706164399657,181.0645217437111,180.40941191091383,179.9777045597683,179.74853052845407,179.6994453099382,181.35357009608907,188.61306310353456,191.13200557357115,196.36258891693805,4.276340013661496,95.84796182329629,91.83657807847574,65.91982988041013,203.64402846093373,175.0479698300819
2024-06-28,199.5500030517578,203.1999969482422,195.25999450683594,197.8800048828125,95438100,-471204600,-665630392.8722928,-703447002.0237918,-709984238.3133585,32.10067419595058,11.954465446159672,21.216584162816925,-0.34004796716094365,-32453531.894702855,589919975.621952,197.2182889187921,195.97096876321604,193.4631308211122,191.41704468332168,189.77555557104535,189.07498270253714,186.3971533983853,184.55924671436,182.14939162365314,181.38000040935265,180.85098750235582,180.5368555003827,180.41240843044307,181.78847627468707,188.7545431306991,191.22138304786574,196.37768758326516,4.904002082397511,85.13553209441095,92.13453113132705,66.23194771034332,206.20864765336626,178.43135478803998
2024-07-01,201.02000427246094,213.22999572753906,200.85000610351562,209.86000061035156,135691400,-335513200,-605609085.0773304,-668405687.5427228,-685824812.1760135,35.78318034671336,10.166295573338289,23.018634518244934,0.45557383818028313,61817451.90605607,651737427.5280081,205.64609671316506,202.9154846867838,198.928754084192,196.02778366507914,193.79244457890658,192.8540768675943,189.33000929988108,186.96884232350206,183.93717284860145,182.96222264274147,182.26606131250196,181.81177485299006,181.56721596691008,182.52720059930982,189.0767638555793,191.46825215465364,196.51183995169387,6.295543224687833,92.6451425125189,91.20954547674205,73.13297292148553,213.80219277406556,181.74980917905944
2024-07-02,218.88999938964844,231.3000030517578,218.05999755859375,231.25999450683594,205047900,-130465300,-519219305.97236115,-617173269.6780552,-649995160.2486706,43.34284072852495,8.434192149575646,25.416143355868986,0.9939564156612274,203808675.7228618,855546103.2508699,222.7220285756123,217.08773959680985,209.70583422507332,204.83583637551834,201.28595456449247,199.83697098382004,194.57125745075044,191.18704729334337,186.99025811687466,185.6454321907467,184.65600927320116,183.96169744663553,183.51595238024052,183.80964254424472,189.72078264414807,191.99529509971566,196.8575927333371,9.021159949282293,99.93494545541158,92.57187335411379,80.71479428673307,236.2850546980962,176.83094261635694
2024-07-03,234.55999755859375,248.35000610351562,234.25,246.38999938964844,166561500,36096200,-418252850.3410227,-554957129.7049195,-605731194.6112994,50.702961205098816,7.473655374149879,28.451630287185175,0.7219849836265689,120254901.85031676,975801005.1011866,238.50067578496973,231.73886949322915,221.9338892799317,215.22437712905088,210.30676352952366,208.30115796669793,201.0486001931127,196.44447130251527,190.8224994893117,189.02013036846347,187.66742342522298,186.67597144415782,185.98160128257024,185.4564940401764,190.58596152575876,192.715754759185,197.3504525010616,12.260761362915048,97.25604578447961,96.6120445841367,84.12562827949824,259.7602698658592,173.3637291575783
2024-07-05,249.80999755859375,252.3699951171875,242.4600067138672,251.52000427246094,154501200,190597400,-307552804.824473,-483951936.3957681,-554355148.7446648,51.41931917629886,7.139605089955066,31.7336917217557,0.8284577518896439,127997716.81625225,1103798721.917439,247.18022810996388,241.62943688284503,231.79592761077478,224.29828391490338,218.54941167811114,216.15913002229118,207.35752570303123,201.6897601567958,194.73846753983747,192.4923455853522,190.78218346655166,189.49527721930144,188.5517347331542,187.1950074673418,191.51625225471605,193.4946189911489,197.8894530161999,15.068418001137559,98.87343819866601,98.68814314618572,85.08860955469186,273.60293009299033,181.16107137185344
2024-07-08,247.7100067138672,259.44000244140625,244.57000732421875,252.94000244140625,157219600,347817000,-188394658.49275059,-404735847.21126103,-496150486.03337944,50.80938884485754,6.356562683923891,34.87906360502977,0.12575626975331444,19771350.428108197,1123570072.3455472,251.0200776642588,247.28471966212564,238.8439525543186,231.4587135465291,225.42752983077017,222.84656137122118,213.05533529532812,206.570735612473,198.49340527542256,195.85054874402186,193.81427219703235,192.253743533306,191.07676483936018,188.9251389140277,192.4540194331388,194.28197506333777,198.43721967714723,17.20970532944841,92.1154781568331,96.08165404665958,85.35346618220515,274.62792546582017,202.16007502246106
2024-07-09,251.0,265.6099853515625,250.3000030517578,262.3299865722656,160210900,508027900,-61772375.13043221,-317805966.5205448,-431364775.4269434,50.31659831809815,5.759128701092091,37.95072609033909,0.571521545215801,91563981.12841417,1215134053.4739614,258.56001693626337,254.80735311719565,246.67263056030097,239.17653180296324,232.80802117906927,230.02536595322925,219.2146667049453,211.88114046578656,202.61189439134793,199.54385084559095,197.15650216655592,195.30053670891294,193.8710088288859,190.85684543134977,193.5208280917514,195.18327322901894,199.07296860147676,19.44028866173258,96.18382841412593,95.72424825654167,86.99807332613936,271.71385466031,226.06214021273692
2024-07-10,262.79998779296875,267.5899963378906,257.8599853515625,263.260009765625,128519400,636547300,65194838.52964645,-226915179.22915667,-362467213.93447804,46.58992469918664,5.180206413066295,40.91833071030308,0.1099729325383508,14133655.306069322,1229267708.7800307,261.6933454891711,259.0336814414103,252.20175696207565,245.19740129362867,238.89841889638043,236.06802846457393,224.72033458753026,216.77436611339022,206.52467602839806,203.0836374522595,200.38106351285197,198.25529640703087,196.59214612052273,192.7621918611991,194.58554842265025,196.08495185864285,199.71164562798572,21.040544818841624,95.07564320148266,94.45831659081391,87.15195187176079,269.8491753648809,240.7268256116816
2024-07-11,263.29998779296875,271.0,239.64999389648438,241.02999877929688,221707300,414840000,128766686.06971078,-165795638.34792778,-312318355.8124321,38.82065126615379,14.532854717833368,43.53315429995383,-0.9119614281250334,-202188505.93374524,1027079202.8462855,247.9177810159216,250.03184011035358,248.47783756781607,244.15555066504572,239.32473487296375,236.97020488543262,226.7590426115011,219.08442636728608,208.75082588329477,205.1917686370949,202.36393840389806,200.11506607539027,198.33480700910212,194.0323973064122,195.2946240006143,196.6802504933535,200.12277352003858,20.281194267025228,66.81430402956397,86.02459188172418,66.80102950700856,272.3928560255502,236.03914470687167
2024-07-12,235.8000030517578,251.83999633789062,233.08999633789062,248.22999572753906,155955800,570795800,209135615.87521797,-95644072.7886337,-255343243.02324015,33.109215608598554,15.846995343411033,43.622886829310055,0.6149332682291667,95902409.79329428,1122981612.6395798,248.12592415699993,249.13091791894632,248.39522362105708,245.17416193066907,241.10578704387882,239.01743958399743,229.44291175100582,221.86019487778637,211.29786909905246,207.58278125323068,204.60130705383176,202.2070195385272,200.2914810764918,195.45864989644187,196.10279761476582,197.3630285759255,200.60145234797392,20.029495508430273,74.4128521553917,78.76759979547944,69.30139202918143,272.4470724040255,234.66892491042765
2024-07-15,255.97000122070312,265.6000061035156,251.72999572753906,252.63999938964844,146912900,717708700,301603449.35245115,-18181903.949274633,-192565692.16610026,35.8855880148637,13.901545661069955,43.070961128295096,-0.8687811129996644,-127635152.7760084,995346459.8635714,251.13530764543228,250.8854586542974,249.81014887725422,247.04062129541393,243.41262951303275,241.49426863957032,232.34254770583615,224.79160483129704,213.965103311349,210.08596003858722,206.94465789948134,204.39975779292377,202.344364147596,196.96342225152625,196.9659610006419,198.09517388471656,201.1192488359508,19.955834431198724,79.36846895490761,73.5318750466211,70.7542796019867,272.3987892995793,234.59720679417077
2024-07-16,255.30999755859375,258.6199951171875,245.8000030517578,256.55999755859375,126332500,844041200,400228494.9247328,63934582.1433829,-125687822.03040916,32.2233378209208,15.33380241294186,43.10437780692687,0.6786273270560398,85732686.79530714,1081079146.6588786,254.75176758753992,253.72272810644557,252.06009843770073,249.42046536120887,246.04210312214497,244.23349207939276,235.36972893743086,227.81716604342054,216.71316100471964,212.6678510119209,209.36491837065756,206.66759430447465,204.47046741861553,198.53175318065962,197.87579361984726,198.8695424101984,201.67089807697212,19.983412251047753,82.93950549913133,78.90694220314354,72.02182718658591,269.1354616168698,235.55253887141143
2024-07-17,252.72999572753906,258.4700012207031,246.17999267578125,248.5,115584800,728456400,459906295.8475087,127222374.3217728,-70581738.46847959,29.79418396187996,14.177864889890346,42.562221853999056,-0.6224563529408843,-71946493.06340152,1009132653.5954771,250.58392252917997,251.1113640532228,250.87339895846716,249.19034902090664,246.53368249771597,245.00922079223042,237.011012820252,229.78695975357095,218.76392481086677,214.65852595570306,211.2739467428206,208.4863945521062,206.1971157551404,199.84670704432648,198.6486822668725,199.52689946436797,202.13685929013658,19.134324843109454,70.76023275850957,77.68940240418283,65.71514231988769,260.96777780599444,237.8162187760368
2024-07-18,251.08999633789062,257.1400146484375,247.1999969482422,249.22999572753906,110869000,839325400,528891587.51159805,195041710.102173,-11878047.410671495,26.98522622254315,12.841193834872255,42.05879132923671,-0.5915502687169285,-65584586.74237715,943548066.8531,249.68130466141938,250.17067989038094,250.32559788149115,249.20026069756474,247.0729451436806,245.77663441683197,238.53838568366288,231.63867746537744,220.72947777323273,216.5791631652495,213.125461327441,210.25785547277718,207.88467967562664,201.1462672728321,199.42091606016513,200.18521862017158,202.6054477123993,18.309263714379057,71.25692805181299,74.98555543648463,66.00548835083372,258.1491523358444,243.9148430254837
2024-07-19,247.7899932861328,249.44000244140625,236.8300018310547,239.1999969482422,87403900,751921500,569442480.6913075,248077880.5697092,37399346.43955014,24.52295954350753,16.408335068275314,41.51127315706019,-0.6241086435409101,-54549529.46918535,888998537.3839146,242.69376618596792,244.68533841931156,246.61706423707483,246.7001947602341,245.49835550459295,244.58088214981564,238.6210870917353,232.35880313041218,221.92112417162045,217.83587615319354,214.39738989430936,211.5162094499713,209.11273133337627,202.14768121165866,200.02823027219682,200.70197065100697,202.96957258041763,16.65408185945401,54.6685590611983,65.56190662384027,58.655486791855374,262.12912704845724,236.32286880115214
2024-07-22,244.2100067138672,253.2100067138672,243.75,251.50999450683594,101225400,853146900,621025102.383797,305703501.46889037,90028224.55420585,24.645030997670062,15.33018378255234,39.97999037131021,0.6405896404831839,64843942.59376648,953842479.977681,248.57125173321324,248.09766646307375,248.24804099366187,247.90264469688455,246.70068330504157,245.84072076018296,240.23220051862288,234.18272611864302,223.83008354808598,219.70666050617368,216.20776085101795,213.255069669835,210.7753691048845,203.4466894562686,200.81421140555008,201.37492460936232,203.45256185331732,16.14949095944951,63.18472876019318,63.03673862440149,63.95987649351136,261.64106467843766,236.3589292180467
2024-07-23,253.60000610351562,255.75999450683594,245.6300048828125,246.3800048828125,111928200,741218700,642878483.7685612,347181139.4249233,132040516.0492824,25.37678847859379,15.016041456385084,38.800655303967154,-0.8519248236500928,-95354412.04647231,858488067.9312087,247.11042049961276,247.23883567294314,247.62536229004542,247.52198474336654,246.63654762059576,245.93877241884286,241.00067606414657,235.34437171523058,225.28491718258448,221.18851297154248,217.6795776330567,214.6952842443123,212.17162933146992,204.5765135464408,201.5098723746686,201.97101838781862,203.87970058992923,15.160886484202507,35.05673242180425,50.97000674773191,60.47766034511303,256.38635970832377,237.5416371178481
2024-07-24,225.4199981689453,225.99000549316406,214.7100067138672,215.99000549316406,167942900,573275800,630223450.3560956,368713964.241921,160507310.30957535,22.007877274193163,27.028736845785,37.78269293497325,-0.7730498372666204,-129828231.5150843,728659836.4161245,226.36347716198028,231.6144205830536,237.08024335775164,239.6389899308159,240.50723919510943,240.49354206871942,237.87434224277376,233.50109874170045,224.6852454606864,220.89970700052146,217.59715947989122,214.75157647252325,212.321369573105,204.87686859767035,201.7309431093021,202.1567003362338,204.0002011362301,11.789291727678602,2.273936635221106,33.50513260573951,44.88691827950942,269.34849947864905,211.57549954478847
2024-07-25,216.8000030517578,226.0,216.22999572753906,220.25,100636500,673912300,638166877.5640782,397780472.4097524,193630214.77222124,20.431157859905547,25.086748262996117,35.815230425129215,-0.17707215670472773,-17819922.09821533,710839914.3179091,222.2878257206601,225.93221029152681,231.4701622385011,234.79174244811193,236.45579135608756,236.81289805622498,235.67129946242704,232.23908933772898,224.39910059225502,220.86361216715915,217.72656633453067,214.99063836502225,212.63229625651263,205.28142468720534,202.01367680228987,202.39634668939627,204.16189067716314,9.353206602996607,9.8418794579917,15.724182838339013,46.95138957332661,266.2588637452544,203.07313698716746
2024-07-26,221.19000244140625,222.27999877929688,215.3300018310547,219.8000030517578,94604100,579308200,627465299.8251549,415068827.41856015,218512666.76869035,19.677417891839546,24.583907062266142,33.991947676759615,0.2863318513639607,27088167.099621277,737928081.4175304,220.62927727472524,222.8661066716423,227.58010917625336,231.0438075990234,233.12463369522163,233.71964441904913,233.6873874110934,231.05441445335077,224.10238462190037,220.80452277185907,217.82770958902955,215.19974117748902,212.91338279750263,205.6634925389041,202.2852237679306,202.62685869419576,204.31749378536807,7.302106459833311,9.042453268766971,7.052756453993254,46.752165828148236,264.30133859846205,197.2706645753661
2024-07-29,224.89999389648438,234.27000427246094,224.6999969482422,232.10000610351562,129201800,708510000,642200699.8569449,443015605.75996083,250125399.5334896,23.997245833061122,22.918319212939924,32.310932411312976,0.5465002072770178,70608810.48056379,808536891.8980942,228.27642982725217,227.48305638757898,229.0867414853408,231.30785722514645,232.91970817688045,233.42516472531577,233.48896474764618,231.15399461050933,224.61836020135942,221.43204962361776,218.52391917510204,215.93453530470757,213.66579939773845,206.35919026428863,202.7404112845044,203.01723150756425,204.59393669400637,6.593101104391678,30.8935893831995,16.592640703319386,52.664511859310906,251.80723683611092,202.0007709763891
2024-07-30,232.25,232.41000366210938,220.0,222.6199951171875,100203400,608306600,636038136.2465913,458757605.2115517,273233865.1660317,22.005110975674533,23.20403559131811,30.169071435879594,-0.577760782587526,-57893594.8019309,750643297.0961633,224.50547335387574,225.05152575238324,226.93115936262305,229.1358916981567,230.85976556494188,231.4605884329288,232.13034354383885,230.34123275400248,224.48943342173544,221.49804659548275,218.7237277576428,216.22520747046758,214.01694432791294,206.7871061814702,203.0439163811866,203.27687076067184,204.77330045941116,5.206237330086225,14.052210600048088,17.99608441733818,48.22047469236971,234.24751826339843,210.05648564285156
